code,nav,navDate
DCDS,10000.0,2004-05-20
DCDS,10000.0,2004-05-31
DCDS,10099.0,2004-06-30
DCDS,10040.42,2004-07-31
DCDS,10021.0,2004-08-31
DCDS,10055.82,2004-09-30
DCDS,10115.42,2004-10-31
DCDS,10053.62,2004-11-12
DCDS,10025.08,2004-11-19
DCDS,10011.46,2004-11-26
DCDS,10092.08,2004-11-30
DCDS,10062.99,2004-12-03
DCDS,10061.89,2004-12-10
DCDS,10086.26,2004-12-17
DCDS,10137.06,2004-12-24
DCDS,10157.88,2004-12-31
DCDS,10121.2,2005-01-07
DCDS,10159.66,2005-01-14
DCDS,10182.97,2005-01-21
DCDS,10183.86,2005-01-31
DCDS,10220.83,2005-02-04
DCDS,10410.53,2005-02-18
DCDS,10453.4,2005-02-25
DCDS,10445.01,2005-02-28
DCDS,10388.15,2005-03-04
DCDS,10386.91,2005-03-11
DCDS,10432.72,2005-03-18
DCDS,10556.0,2005-03-25
DCDS,10548.13,2005-03-31
DCDS,10530.16,2005-04-01
DCDS,10546.85,2005-04-08
DCDS,10559.0,2005-04-15
DCDS,10558.94,2005-04-22
DCDS,10308.05,2005-04-29
DCDS,10308.5,2005-04-30
DCDS,10299.95,2005-05-06
DCDS,10293.11,2005-05-13
DCDS,10293.98,2005-05-20
DCDS,10307.23,2005-05-27
DCDS,10315.02,2005-05-31
DCDS,10328.56,2005-06-03
DCDS,10341.52,2005-06-10
DCDS,10366.61,2005-06-17
DCDS,10374.18,2005-06-24
DCDS,10361.52,2005-06-30
DCDS,10357.6,2005-07-01
DCDS,10408.19,2005-07-08
DCDS,10424.45,2005-07-15
DCDS,10336.22,2005-07-22
DCDS,10366.51,2005-07-29
DCDS,10377.56,2005-07-31
DCDS,10481.37,2005-08-05
DCDS,10579.18,2005-08-12
DCDS,10600.55,2005-08-19
DCDS,10645.71,2005-08-26
DCDS,10737.34,2005-08-31
DCDS,10741.76,2005-09-02
DCDS,10866.25,2005-09-09
DCDS,11082.68,2005-09-16
DCDS,11217.12,2005-09-23
DCDS,11340.71,2005-09-30
DCDS,11505.15,2005-10-07
DCDS,11789.84,2005-10-14
DCDS,11982.87,2005-10-28
DCDS,11998.92,2005-10-31
DCDS,12210.19,2005-11-04
DCDS,12373.04,2005-11-11
DCDS,12563.18,2005-11-18
DCDS,12563.1,2005-11-25
DCDS,12568.72,2005-11-30
DCDS,12597.45,2005-12-02
DCDS,12670.04,2005-12-09
DCDS,12755.56,2005-12-16
DCDS,12850.09,2005-12-23
DCDS,12861.37,2005-12-30
DCDS,12861.22,2005-12-31
DCDS,12956.64,2006-01-06
DCDS,13306.34,2006-01-13
DCDS,13457.82,2006-01-20
DCDS,13477.33,2006-01-27
DCDS,13476.5,2006-01-31
DCDS,13475.54,2006-02-03
DCDS,13851.16,2006-02-10
DCDS,14606.25,2006-02-17
DCDS,15203.23,2006-02-24
DCDS,15463.16,2006-02-28
DCDS,15675.88,2006-03-03
DCDS,16117.81,2006-03-10
DCDS,15790.41,2006-03-17
DCDS,16254.97,2006-03-24
DCDS,17062.67,2006-03-31
DCDS,18348.0,2006-04-07
DCDS,19704.0,2006-04-14
DCDS,21821.0,2006-04-21
DCDS,22784.0,2006-04-28
DCDS,23396.0,2006-05-05
DCDS,23383.0,2006-05-12
DCDS,23393.0,2006-05-19
DCDS,23635.0,2006-05-26
DCDS,23820.0,2006-06-02
DCDS,24086.0,2006-06-09
DCDS,24462.0,2006-06-16
DCDS,24132.0,2006-06-23
DCDS,24435.0,2006-06-30
DCDS,24264.0,2006-07-07
DCDS,24055.0,2006-07-14
DCDS,23288.0,2006-07-21
DCDS,22784.0,2006-07-28
DCDS,22175.0,2006-08-04
DCDS,22246.0,2006-08-11
DCDS,22601.0,2006-08-18
DCDS,22523.0,2006-08-25
DCDS,22745.0,2006-09-01
DCDS,22986.0,2006-09-08
DCDS,22930.0,2006-09-15
DCDS,23000.0,2006-09-22
DCDS,23771.0,2006-09-29
DCDS,20835.0,2006-10-06
DCDS,20468.0,2006-10-13
DCDS,20561.0,2006-10-20
DCDS,20721.0,2006-10-27
DCDS,20835.0,2006-11-03
DCDS,21300.0,2006-11-10
DCDS,21787.0,2006-11-17
DCDS,23958.0,2006-11-24
DCDS,24263.0,2006-11-30
DCDS,24273.0,2006-12-01
DCDS,26676.0,2006-12-08
DCDS,30406.0,2006-12-15
DCDS,31353.0,2006-12-22
DCDS,33552.37,2006-12-29
DCDS,31281.38,2006-12-31
DCDS,33041.8,2007-01-05
DCDS,36978.14,2007-01-12
DCDS,39619.74,2007-01-19
DCDS,39348.8,2007-01-26
DCDS,42058.62,2007-01-31
DCDS,42948.7,2007-02-02
DCDS,43945.41,2007-02-09
DCDS,45978.58,2007-02-16
DCDS,45959.81,2007-02-23
DCDS,49658.96,2007-02-28
DCDS,49993.43,2007-03-02
DCDS,52041.35,2007-03-09
DCDS,49648.27,2007-03-16
DCDS,47376.51,2007-03-23
DCDS,44441.77,2007-03-30
DCDS,44741.3,2007-03-31
DCDS,43438.37,2007-04-06
DCDS,42979.22,2007-04-13
DCDS,40680.06,2007-04-20
DCDS,39529.11,2007-04-27
DCDS,40341.15,2007-04-30
DCDS,40007.18,2007-05-04
DCDS,41742.05,2007-05-11
DCDS,41591.6,2007-05-18
DCDS,42675.99,2007-05-25
DCDS,42017.78,2007-05-31
DCDS,41985.32,2007-06-01
DCDS,41141.22,2007-06-08
DCDS,41220.28,2007-06-15
DCDS,41540.46,2007-06-22
DCDS,41861.46,2007-06-29
DCDS,42055.3,2007-06-30
DCDS,36925.39,2007-07-06
DCDS,37592.49,2007-07-13
DCDS,37021.06,2007-07-20
DCDS,36720.54,2007-07-27
DCDS,36339.08,2007-07-31
DCDS,36255.77,2007-08-03
DCDS,35839.74,2007-08-10
DCDS,35028.3,2007-08-17
DCDS,35516.08,2007-08-24
DCDS,35587.51,2007-08-31
DCDS,35609.18,2007-09-07
DCDS,35529.45,2007-09-14
DCDS,36055.06,2007-09-21
DCDS,37958.15,2007-09-28
DCDS,37642.84,2007-09-30
DCDS,39532.95,2007-10-05
DCDS,40606.07,2007-10-12
DCDS,41395.26,2007-10-19
DCDS,42133.92,2007-10-26
DCDS,40936.85,2007-10-31
DCDS,41457.88,2007-11-02
DCDS,39999.51,2007-11-09
DCDS,39431.37,2007-11-16
DCDS,38996.72,2007-11-23
DCDS,39208.62,2007-11-30
DCDS,39380.13,2007-12-07
DCDS,38498.08,2007-12-14
DCDS,38519.87,2007-12-21
DCDS,38150.05,2007-12-28
DCDS,38371.41,2007-12-31
DCDS,37568.65,2008-01-04
DCDS,36374.52,2008-01-11
DCDS,35717.76,2008-01-18
DCDS,34702.42,2008-01-25
DCDS,36059.24,2008-01-31
DCDS,36335.04,2008-02-08
DCDS,35732.06,2008-02-15
DCDS,31809.64,2008-02-22
DCDS,30648.74,2008-02-29
DCDS,29934.74,2008-03-07
DCDS,29658.27,2008-03-14
DCDS,26970.2,2008-03-21
DCDS,25484.23,2008-03-27
DCDS,25832.25,2008-03-31
DCDS,26194.54,2008-04-03
DCDS,26152.29,2008-04-10
DCDS,24398.09,2008-04-17
DCDS,23628.92,2008-04-24
DCDS,23503.45,2008-04-30
DCDS,23503.79,2008-05-01
DCDS,22368.72,2008-05-08
DCDS,20661.13,2008-05-15
DCDS,19404.48,2008-05-22
DCDS,18838.07,2008-05-29
DCDS,18811.52,2008-05-31
DCDS,18170.9,2008-06-05
DCDS,17483.78,2008-06-12
DCDS,17659.69,2008-06-19
DCDS,17810.93,2008-06-26
DCDS,18019.93,2008-06-30
DCDS,18662.92,2008-07-03
DCDS,19275.9,2008-07-10
DCDS,20378.35,2008-07-17
DCDS,19190.88,2008-07-24
DCDS,19226.4,2008-07-31
DCDS,18984.07,2008-08-07
DCDS,19639.47,2008-08-14
DCDS,20774.45,2008-08-21
DCDS,21808.33,2008-08-28
DCDS,21952.44,2008-08-31
DCDS,22500.86,2008-09-04
DCDS,21268.37,2008-09-11
DCDS,19310.87,2008-09-18
DCDS,20285.02,2008-09-25
DCDS,19824.85,2008-09-30
DCDS,19940.56,2008-10-02
DCDS,18689.03,2008-10-09
DCDS,18110.35,2008-10-16
DCDS,17361.86,2008-10-23
DCDS,16858.97,2008-10-30
DCDS,17041.16,2008-10-31
DCDS,17604.83,2008-11-06
DCDS,17173.13,2008-11-13
DCDS,16943.51,2008-11-20
DCDS,16633.37,2008-11-27
DCDS,16866.51,2008-11-30
DCDS,16754.1,2008-12-04
DCDS,16312.95,2008-12-11
DCDS,16754.01,2008-12-18
DCDS,16886.28,2008-12-25
DCDS,16969.72,2008-12-31
DCDS,16970.17,2009-01-01
DCDS,16974.73,2009-01-08
DCDS,16761.07,2009-01-15
DCDS,16731.83,2009-01-22
DCDS,16737.64,2009-01-29
DCDS,16738.35,2009-01-31
DCDS,16063.48,2009-02-05
DCDS,16133.27,2009-02-12
DCDS,15634.79,2009-02-19
DCDS,15427.99,2009-02-26
DCDS,15479.98,2009-02-28
DCDS,15422.51,2009-03-05
DCDS,15536.41,2009-03-12
DCDS,16036.05,2009-03-19
DCDS,16410.33,2009-03-26
DCDS,16177.79,2009-03-31
DCDS,16550.61,2009-04-02
DCDS,17026.11,2009-04-09
DCDS,18282.21,2009-04-16
DCDS,17490.1,2009-04-23
DCDS,17576.43,2009-04-30
DCDS,18690.34,2009-05-07
DCDS,18675.08,2009-05-14
DCDS,19384.86,2009-05-21
DCDS,19547.89,2009-05-28
DCDS,19454.54,2009-05-31
DCDS,20706.0,2009-06-04
DCDS,22136.73,2009-06-11
DCDS,22026.07,2009-06-18
DCDS,21428.31,2009-06-25
DCDS,21132.56,2009-06-30
DCDS,20832.37,2009-07-02
DCDS,21521.43,2009-07-09
DCDS,21513.62,2009-07-16
DCDS,21462.52,2009-07-23
DCDS,22065.62,2009-07-30
DCDS,22722.75,2009-07-31
DCDS,23249.35,2009-08-06
DCDS,24247.58,2009-08-13
DCDS,24920.92,2009-08-20
DCDS,25201.09,2009-08-27
DCDS,25968.46,2009-08-31
DCDS,27926.26,2009-09-03
DCDS,26668.55,2009-09-10
DCDS,27664.2,2009-09-17
DCDS,28791.94,2009-09-24
DCDS,28181.25,2009-09-30
DCDS,27912.42,2009-10-01
DCDS,28166.72,2009-10-08
DCDS,29157.76,2009-10-15
DCDS,28916.21,2009-10-22
DCDS,27926.26,2009-10-29
DCDS,28019.93,2009-10-31
DCDS,26970.95,2009-11-05
DCDS,26790.99,2009-11-12
DCDS,27649.17,2009-11-19
DCDS,24735.41,2009-11-26
DCDS,25602.36,2009-11-30
DCDS,25561.55,2009-12-03
DCDS,23366.49,2009-12-10
DCDS,22225.52,2009-12-17
DCDS,23825.24,2009-12-24
DCDS,24798.7,2009-12-31
DCDS,25919.86,2010-01-07
DCDS,25479.53,2010-01-14
DCDS,24154.92,2010-01-21
DCDS,24571.84,2010-01-28
DCDS,24600.93,2010-01-31
DCDS,25396.73,2010-02-04
DCDS,25133.97,2010-02-11
DCDS,25274.96,2010-02-18
DCDS,24794.56,2010-02-25
DCDS,24758.8,2010-02-28
DCDS,25508.12,2010-03-04
DCDS,26300.43,2010-03-11
DCDS,26120.23,2010-03-18
DCDS,25437.65,2010-03-25
DCDS,25330.21,2010-03-31
DCDS,25657.28,2010-04-01
DCDS,26009.52,2010-04-08
DCDS,26165.4,2010-04-15
DCDS,25038.35,2010-04-22
DCDS,25607.38,2010-04-29
DCDS,25606.69,2010-04-30
DCDS,25589.04,2010-05-06
DCDS,24760.06,2010-05-13
DCDS,24440.51,2010-05-20
DCDS,24167.66,2010-05-27
DCDS,24347.32,2010-05-31
DCDS,24300.15,2010-06-03
DCDS,24026.73,2010-06-10
DCDS,24281.54,2010-06-17
DCDS,24398.42,2010-06-24
DCDS,24403.8,2010-06-30
DCDS,24305.97,2010-07-01
DCDS,24102.09,2010-07-08
DCDS,24357.5,2010-07-15
DCDS,24054.1,2010-07-22
DCDS,23982.61,2010-07-29
DCDS,24077.48,2010-07-31
DCDS,23896.08,2010-08-05
DCDS,22228.36,2010-08-12
DCDS,22275.31,2010-08-17
DCDS,21220.86,2010-08-26
DCDS,22055.96,2010-08-31
DCDS,22287.64,2010-09-02
DCDS,22443.78,2010-09-09
DCDS,21873.67,2010-09-16
DCDS,21978.27,2010-09-23
DCDS,22000.73,2010-09-30
DCDS,21770.07,2010-10-07
DCDS,21531.79,2010-10-14
DCDS,20958.31,2010-10-21
DCDS,21602.57,2010-10-28
DCDS,21865.41,2010-10-31
DCDS,21618.72,2010-11-04
DCDS,21231.44,2010-11-11
DCDS,20229.55,2010-11-18
DCDS,20657.46,2010-11-25
DCDS,20954.4,2010-11-30
DCDS,21233.19,2010-12-02
DCDS,21174.99,2010-12-09
DCDS,21575.2,2010-12-16
DCDS,21513.58,2010-12-23
DCDS,21681.92,2010-12-30
DCDS,21262.67,2010-12-31
DCDS,21026.43,2011-01-06
DCDS,20815.45,2011-01-13
DCDS,21183.15,2011-01-20
DCDS,21501.28,2011-01-27
DCDS,21726.57,2011-01-31
DCDS,21723.45,2011-02-03
DCDS,21891.42,2011-02-10
DCDS,21233.18,2011-02-17
DCDS,19403.83,2011-02-24
DCDS,19405.23,2011-02-28
DCDS,18598.59,2011-03-03
DCDS,19429.95,2011-03-10
DCDS,19181.22,2011-03-17
DCDS,19209.92,2011-03-24
DCDS,19052.18,2011-03-31
DCDS,19052.44,2011-04-07
DCDS,18979.73,2011-04-14
DCDS,18242.54,2011-04-21
DCDS,17939.7,2011-04-28
DCDS,18056.47,2011-04-30
DCDS,18006.24,2011-05-05
DCDS,17893.92,2011-05-12
DCDS,17281.69,2011-05-19
DCDS,15893.49,2011-05-26
DCDS,16218.64,2011-05-31
DCDS,17041.9,2011-06-02
DCDS,17347.58,2011-06-09
DCDS,17124.41,2011-06-16
DCDS,16850.8,2011-06-23
DCDS,16483.85,2011-06-30
DCDS,16268.67,2011-07-07
DCDS,15955.91,2011-07-14
DCDS,15892.38,2011-07-21
DCDS,15740.21,2011-07-28
DCDS,15705.97,2011-07-31
DCDS,15346.47,2011-08-04
DCDS,14809.65,2011-08-11
DCDS,15540.88,2011-08-18
DCDS,15705.23,2011-08-25
DCDS,16411.3,2011-08-31
DCDS,16550.3,2011-09-01
DCDS,16637.84,2011-09-08
DCDS,16625.55,2011-09-15
DCDS,16548.34,2011-09-22
DCDS,15958.29,2011-09-29
DCDS,15905.72,2011-09-30
DCDS,15828.32,2011-10-06
DCDS,15493.2,2011-10-13
DCDS,15296.49,2011-10-20
DCDS,15166.41,2011-10-27
DCDS,15416.53,2011-10-31
DCDS,14873.86,2011-11-03
DCDS,14317.5,2011-11-10
DCDS,13780.92,2011-11-17
DCDS,13940.6,2011-11-24
DCDS,13464.11,2011-11-30
DCDS,13597.04,2011-12-01
DCDS,13962.95,2011-12-08
DCDS,13108.54,2011-12-15
DCDS,12847.51,2011-12-22
DCDS,12867.53,2011-12-29
DCDS,12983.35,2011-12-31
DCDS,12615.26,2012-01-05
DCDS,12654.28,2012-01-12
DCDS,13160.97,2012-01-19
DCDS,13276.37,2012-01-26
DCDS,13620.17,2012-01-31
DCDS,13989.08,2012-02-02
DCDS,13935.52,2012-02-09
DCDS,13825.62,2012-02-16
DCDS,14914.78,2012-02-23
DCDS,15016.24,2012-02-29
DCDS,15144.34,2012-03-01
DCDS,15027.36,2012-03-08
DCDS,15217.84,2012-03-15
DCDS,15188.23,2012-03-22
DCDS,14986.78,2012-03-29
DCDS,14928.78,2012-03-31
DCDS,15218.07,2012-04-05
DCDS,15903.78,2012-04-12
DCDS,15966.82,2012-04-19
DCDS,16387.02,2012-04-26
DCDS,16523.52,2012-04-30
DCDS,16596.33,2012-05-03
DCDS,17269.07,2012-05-10
DCDS,16052.99,2012-05-17
DCDS,15577.52,2012-05-24
DCDS,15663.7,2012-05-31
DCDS,15814.28,2012-06-07
DCDS,15634.89,2012-06-14
DCDS,15771.44,2012-06-21
DCDS,15343.57,2012-06-28
DCDS,15520.37,2012-06-30
DCDS,15255.26,2012-07-05
DCDS,15128.55,2012-07-12
DCDS,15888.74,2012-07-19
DCDS,15385.04,2012-07-26
DCDS,15299.28,2012-07-31
DCDS,15336.3,2012-08-02
DCDS,15738.82,2012-08-09
DCDS,15977.98,2012-08-16
DCDS,14926.31,2012-08-23
DCDS,14903.85,2012-08-30
DCDS,15044.19,2012-08-31
DCDS,14852.05,2012-09-06
DCDS,14782.4,2012-09-13
DCDS,14403.39,2012-09-20
DCDS,14589.89,2012-09-27
DCDS,14528.14,2012-09-30
DCDS,14348.81,2012-10-04
DCDS,14791.03,2012-10-11
DCDS,14995.92,2012-10-18
DCDS,14702.45,2012-10-25
DCDS,14635.69,2012-10-31
DCDS,14634.52,2012-11-01
DCDS,14480.34,2012-11-08
DCDS,14703.77,2012-11-15
DCDS,14402.08,2012-11-22
DCDS,14258.37,2012-11-29
DCDS,14345.25,2012-11-30
DCDS,14466.8,2012-12-06
DCDS,14574.88,2012-12-13
DCDS,14829.48,2012-12-20
DCDS,15086.68,2012-12-27
DCDS,15200.52,2012-12-31
DCDS,15308.15,2013-01-03
DCDS,16549.22,2013-01-10
DCDS,16511.02,2013-01-17
DCDS,16314.43,2013-01-24
DCDS,16961.55,2013-01-31
DCDS,17175.01,2013-02-07
DCDS,17205.66,2013-02-14
DCDS,16884.07,2013-02-21
DCDS,16616.67,2013-02-28
DCDS,16550.09,2013-03-07
DCDS,16848.46,2013-03-14
DCDS,17329.6,2013-03-21
DCDS,17348.37,2013-03-28
DCDS,17346.02,2013-03-31
DCDS,17568.39,2013-04-04
DCDS,17793.19,2013-04-11
DCDS,17062.07,2013-04-18
DCDS,17134.94,2013-04-25
DCDS,17069.93,2013-04-30
DCDS,16968.89,2013-05-02
DCDS,17327.16,2013-05-09
DCDS,17484.85,2013-05-16
DCDS,17916.75,2013-05-23
DCDS,18669.26,2013-05-30
DCDS,18672.63,2013-05-31
DCDS,18733.16,2013-06-06
DCDS,18681.24,2013-06-13
DCDS,18211.65,2013-06-20
DCDS,17809.49,2013-06-27
DCDS,17786.01,2013-06-30
DCDS,18039.42,2013-07-04
DCDS,17926.58,2013-07-11
DCDS,18261.66,2013-07-18
DCDS,18188.62,2013-07-25
DCDS,18218.17,2013-07-31
DCDS,18240.26,2013-08-01
DCDS,18426.38,2013-08-08
DCDS,18837.28,2013-08-15
DCDS,18625.77,2013-08-22
DCDS,18023.56,2013-08-29
DCDS,18052.01,2013-08-31
DCDS,18334.27,2013-09-05
DCDS,18341.37,2013-09-12
DCDS,18430.1,2013-09-19
DCDS,18677.95,2013-09-26
DCDS,18797.68,2013-09-30
DCDS,18705.63,2013-10-03
DCDS,18910.47,2013-10-08
DCDS,18930.37,2013-10-09
DCDS,18884.23,2013-10-16
DCDS,18963.98,2013-10-23
DCDS,18875.43,2013-10-30
DCDS,18839.75,2013-10-31
DCDS,18940.0,2013-11-06
DCDS,18812.25,2013-11-13
DCDS,19182.04,2013-11-20
DCDS,19342.88,2013-11-27
DCDS,19225.02,2013-11-30
DCDS,19334.54,2013-12-04
DCDS,19103.53,2013-12-11
DCDS,19133.9,2013-12-18
DCDS,18988.66,2013-12-25
DCDS,19050.95,2013-12-31
DCDS,19050.27,2014-01-01
DCDS,19380.31,2014-01-08
DCDS,20005.19,2014-01-15
DCDS,20757.64,2014-01-22
DCDS,21017.55,2014-01-31
DCDS,21013.23,2014-02-05
DCDS,21236.36,2014-02-12
DCDS,21897.2,2014-02-19
DCDS,22373.96,2014-02-26
DCDS,22195.3,2014-02-28
DCDS,21697.32,2014-03-05
DCDS,22320.0,2014-03-12
DCDS,23018.36,2014-03-19
DCDS,22323.25,2014-03-26
DCDS,22534.05,2014-03-31
DCDS,22230.74,2014-04-02
DCDS,22982.21,2014-04-09
DCDS,21844.82,2014-04-16
DCDS,21500.32,2014-04-23
DCDS,21921.24,2014-04-30
DCDS,21917.67,2014-05-04
DCDS,21227.94,2014-05-07
DCDS,19816.41,2014-05-14
DCDS,20387.21,2014-05-21
DCDS,20682.26,2014-05-28
DCDS,20713.14,2014-05-31
DCDS,20384.42,2014-06-04
DCDS,20784.09,2014-06-11
DCDS,20974.29,2014-06-18
DCDS,21100.91,2014-06-25
DCDS,21232.86,2014-06-30
DCDS,21377.57,2014-07-02
DCDS,21738.21,2014-07-09
DCDS,21961.71,2014-07-16
DCDS,22261.43,2014-07-23
DCDS,21759.34,2014-07-30
DCDS,22034.12,2014-07-31
DCDS,22263.74,2014-08-06
DCDS,22289.24,2014-08-13
DCDS,22541.99,2014-08-20
DCDS,23444.6,2014-08-27
VCBFBCF,9993.72,2014-08-27
VCBFBCF,9995.41,2014-08-29
DCDS,23713.31,2014-08-31
VCBFBCF,10007.1,2014-08-31
DCDS,23744.59,2014-09-03
VCBFBCF,10008.0,2014-09-03
VCBFBCF,10012.31,2014-09-05
DCDS,23531.19,2014-09-10
VCBFBCF,9994.8,2014-09-10
VCBFBCF,10002.88,2014-09-12
DCDS,23917.23,2014-09-17
VCBFBCF,9987.38,2014-09-17
VCBFBCF,9993.46,2014-09-19
DCDS,23041.54,2014-09-24
VCBFBCF,10026.66,2014-09-24
DCDS,23267.64,2014-09-25
DCDS,23116.61,2014-09-26
VCBFBCF,10012.41,2014-09-26
DCDS,23005.29,2014-09-29
DCDS,23000.2,2014-09-30
VCBFBCF,10019.94,2014-09-30
DCDS,23423.74,2014-10-01
DCDS,23669.65,2014-10-02
DCDS,23621.49,2014-10-03
VCBFBCF,10029.75,2014-10-03
DCDS,23714.7,2014-10-06
DCDS,23723.35,2014-10-07
DCDS,23728.89,2014-10-08
VCBFBCF,10023.49,2014-10-08
DCDS,23855.04,2014-10-09
DCDS,23549.2,2014-10-10
VCBFBCF,10063.44,2014-10-10
DCDS,23525.03,2014-10-13
DCDS,23197.72,2014-10-14
DCDS,23083.34,2014-10-15
VCBFBCF,10022.42,2014-10-15
DCDS,22346.0,2014-10-16
DCDS,22337.05,2014-10-17
VCBFBCF,9926.83,2014-10-17
DCDS,22421.81,2014-10-20
DCDS,22707.02,2014-10-21
DCDS,22908.36,2014-10-22
VCBFBCF,9986.42,2014-10-22
DCDS,22611.75,2014-10-23
DCDS,22546.71,2014-10-24
VCBFBCF,9984.65,2014-10-24
DCDS,22059.35,2014-10-27
DCDS,22237.45,2014-10-28
DCDS,22601.29,2014-10-29
VCBFBCF,9864.39,2014-10-29
DCDS,22604.04,2014-10-30
VCBFBCF,9914.52,2014-10-30
DCDS,22943.91,2014-10-31
VCBFBCF,9973.32,2014-10-31
DCDS,23093.62,2014-11-03
DCDS,22904.49,2014-11-04
DCDS,22828.16,2014-11-05
VCBFBCF,9976.63,2014-11-05
DCDS,22801.45,2014-11-06
DCDS,22946.33,2014-11-07
VCBFBCF,9973.68,2014-11-07
DCDS,22910.12,2014-11-10
DCDS,23019.46,2014-11-11
DCDS,22989.52,2014-11-12
VCBFBCF,10011.01,2014-11-12
DCDS,22966.61,2014-11-13
DCDS,22792.81,2014-11-14
VCBFBCF,10003.63,2014-11-14
DCDS,22762.12,2014-11-17
DCDS,22545.92,2014-11-18
DCDS,22293.39,2014-11-19
VCBFBCF,9977.49,2014-11-19
DCDS,22477.25,2014-11-20
DCDS,22241.87,2014-11-21
VCBFBCF,9915.17,2014-11-21
DCDS,22042.61,2014-11-24
DCDS,22180.64,2014-11-25
DCDS,22025.81,2014-11-26
VCBFBCF,9878.35,2014-11-26
DCDS,21999.77,2014-11-27
DCDS,21610.52,2014-11-28
VCBFBCF,9799.24,2014-11-28
DCDS,21609.05,2014-11-30
VCBFBCF,9765.21,2014-11-30
DCDS,21602.06,2014-12-01
DCDS,21723.84,2014-12-02
DCDS,21927.24,2014-12-03
VCBFBCF,9783.56,2014-12-03
DCDS,21932.4,2014-12-04
DCDS,21907.28,2014-12-05
VCBFBCF,9910.15,2014-12-05
DCDS,21538.18,2014-12-08
DCDS,20815.19,2014-12-09
DCDS,21111.88,2014-12-10
VCBFBCF,9614.5,2014-12-10
DCDS,20890.82,2014-12-11
DCDS,20980.72,2014-12-12
VCBFBCF,9672.61,2014-12-12
DCDS,20844.67,2014-12-15
DCDS,20342.2,2014-12-16
DCDS,19727.5,2014-12-17
VCBFBCF,9535.25,2014-12-17
DCDS,20134.64,2014-12-18
DCDS,19942.94,2014-12-19
VCBFBCF,9447.39,2014-12-19
DCDS,20387.28,2014-12-22
DCDS,20375.15,2014-12-23
DCDS,20467.87,2014-12-24
VCBFBCF,9542.77,2014-12-24
DCDS,20250.85,2014-12-25
DCDS,20149.13,2014-12-26
VCBFBCF,9537.59,2014-12-26
DCDS,20106.85,2014-12-29
DCDS,20387.81,2014-12-30
VCBFBCF,9529.99,2014-12-30
DCDS,20768.75,2014-12-31
VCBFBCF,9651.07,2014-12-31
DCDS,20682.14,2015-01-05
DCDS,20794.58,2015-01-06
DCDS,20915.75,2015-01-07
VCBFBCF,9604.69,2015-01-07
DCDS,20840.29,2015-01-08
DCDS,21203.16,2015-01-09
VCBFBCF,9619.83,2015-01-09
DCDS,21133.45,2015-01-12
DCDS,21250.01,2015-01-13
DCDS,21304.49,2015-01-14
VCBFBCF,9778.13,2015-01-14
DCDS,21432.43,2015-01-15
DCDS,21325.22,2015-01-16
VCBFBCF,9807.59,2015-01-16
DCDS,21221.81,2015-01-19
DCDS,21278.7,2015-01-20
DCDS,21269.77,2015-01-21
VCBFBCF,9766.33,2015-01-21
DCDS,21354.26,2015-01-22
DCDS,21501.34,2015-01-23
VCBFBCF,9761.61,2015-01-23
DCDS,21480.51,2015-01-26
DCDS,21418.87,2015-01-27
DCDS,21452.3,2015-01-28
VCBFBCF,9821.89,2015-01-28
DCDS,21515.28,2015-01-29
DCDS,21342.94,2015-01-30
VCBFBCF,9869.4,2015-01-30
DCDS,21342.54,2015-01-31
VCBFBCF,9769.04,2015-01-31
DCDS,21222.23,2015-02-02
DCDS,21008.52,2015-02-03
DCDS,21100.58,2015-02-04
VCBFBCF,9616.52,2015-02-04
DCDS,21170.86,2015-02-05
DCDS,21348.86,2015-02-06
VCBFBCF,9679.84,2015-02-06
DCDS,21220.69,2015-02-09
DCDS,21213.39,2015-02-10
DCDS,21484.33,2015-02-11
VCBFBCF,9727.66,2015-02-11
DCDS,21649.18,2015-02-12
DCDS,21718.55,2015-02-13
VCBFBCF,9829.75,2015-02-13
DCDS,21783.07,2015-02-24
DCDS,21619.89,2015-02-25
VCBFBCF,9847.98,2015-02-25
DCDS,21778.76,2015-02-26
DCDS,21707.13,2015-02-27
VCBFBCF,9850.39,2015-02-27
DCDS,21706.6,2015-02-28
VCBFBCF,9810.81,2015-02-28
DCDS,21592.43,2015-03-02
DCDS,21809.51,2015-03-03
DCDS,22025.11,2015-03-04
VCBFBCF,9926.32,2015-03-04
DCDS,21987.21,2015-03-05
DCDS,21999.82,2015-03-06
VCBFBCF,10011.21,2015-03-06
DCDS,21872.13,2015-03-09
DCDS,21879.33,2015-03-10
DCDS,21757.21,2015-03-11
VCBFBCF,9983.12,2015-03-11
DCDS,21772.5,2015-03-12
DCDS,21715.76,2015-03-13
VCBFBCF,9950.9,2015-03-13
DCDS,21539.79,2015-03-16
DCDS,21585.89,2015-03-17
DCDS,21443.97,2015-03-18
VCBFBCF,9911.59,2015-03-18
DCDS,21280.94,2015-03-19
DCDS,21410.31,2015-03-20
VCBFBCF,9861.76,2015-03-20
DCDS,21207.3,2015-03-23
DCDS,21086.98,2015-03-24
DCDS,20996.38,2015-03-25
VCBFBCF,9700.41,2015-03-25
DCDS,20951.41,2015-03-26
DCDS,20811.52,2015-03-27
VCBFBCF,9699.43,2015-03-27
DCDS,20615.03,2015-03-30
DCDS,20737.23,2015-03-31
VCBFBCF,9620.67,2015-03-31
DCDS,20433.4,2015-04-01
DCDS,20683.77,2015-04-02
DCDS,20758.41,2015-04-03
VCBFBCF,9674.75,2015-04-03
DCDS,20645.36,2015-04-06
DCDS,20847.29,2015-04-07
DCDS,20821.57,2015-04-08
VCBFBCF,9803.04,2015-04-08
DCDS,20968.73,2015-04-09
DCDS,21084.67,2015-04-10
VCBFBCF,9812.43,2015-04-10
DCDS,21066.52,2015-04-13
DCDS,20973.02,2015-04-14
DCDS,21202.0,2015-04-15
VCBFBCF,9815.16,2015-04-15
DCDS,21303.61,2015-04-16
DCDS,21357.4,2015-04-17
VCBFBCF,9970.03,2015-04-17
DCDS,21260.2,2015-04-20
DCDS,21153.42,2015-04-21
DCDS,21178.37,2015-04-22
VCBFBCF,10032.07,2015-04-22
DCDS,21052.68,2015-04-23
DCDS,21111.76,2015-04-24
VCBFBCF,10060.21,2015-04-24
DCDS,20989.62,2015-04-27
DCDS,20988.33,2015-04-30
VCBFBCF,9992.92,2015-04-30
DCDS,20423.42,2015-05-04
VCBFBCF,9990.5,2015-05-04
DCDS,20671.95,2015-05-05
DCDS,20520.14,2015-05-06
VCBFBCF,9800.26,2015-05-06
DCDS,20675.01,2015-05-07
DCDS,20757.41,2015-05-08
VCBFBCF,9825.38,2015-05-08
DCDS,20635.79,2015-05-11
DCDS,20442.33,2015-05-12
DCDS,20388.37,2015-05-13
VCBFBCF,9666.35,2015-05-13
DCDS,20545.1,2015-05-14
DCDS,20235.72,2015-05-15
VCBFBCF,9750.47,2015-05-15
DCDS,19846.43,2015-05-18
DCDS,20075.52,2015-05-19
DCDS,20649.65,2015-05-20
VCBFBCF,9606.01,2015-05-20
DCDS,20754.57,2015-05-21
DCDS,21328.78,2015-05-22
VCBFBCF,9833.95,2015-05-22
DCDS,21416.28,2015-05-25
DCDS,21341.12,2015-05-26
DCDS,21355.2,2015-05-27
VCBFBCF,9890.21,2015-05-27
DCDS,21522.0,2015-05-28
DCDS,21497.69,2015-05-29
VCBFBCF,9951.06,2015-05-29
DCDS,21496.63,2015-05-31
VCBFBCF,9957.97,2015-05-31
DCDS,21500.18,2015-06-01
DCDS,21381.87,2015-06-02
DCDS,21477.79,2015-06-03
VCBFBCF,9907.45,2015-06-03
DCDS,21575.38,2015-06-04
DCDS,21851.46,2015-06-05
VCBFBCF,9999.85,2015-06-05
DCDS,21909.52,2015-06-08
DCDS,21831.41,2015-06-09
DCDS,21884.61,2015-06-10
VCBFBCF,10071.64,2015-06-10
DCDS,22053.58,2015-06-11
DCDS,22230.36,2015-06-12
VCBFBCF,10148.35,2015-06-12
DCDS,22169.23,2015-06-15
DCDS,21967.45,2015-06-16
DCDS,21861.41,2015-06-17
VCBFBCF,10121.19,2015-06-17
DCDS,21904.25,2015-06-18
DCDS,22024.11,2015-06-19
VCBFBCF,10145.4,2015-06-19
DCDS,22266.75,2015-06-22
DCDS,22273.79,2015-06-23
DCDS,22121.24,2015-06-24
VCBFBCF,10326.69,2015-06-24
DCDS,22071.79,2015-06-25
DCDS,21987.94,2015-06-26
VCBFBCF,10218.47,2015-06-26
DCDS,22299.55,2015-06-29
DCDS,22260.85,2015-06-30
DCDS,22340.5,2015-07-01
VCBFBCF,10268.7,2015-07-01
DCDS,22728.6,2015-07-02
DCDS,22992.05,2015-07-03
VCBFBCF,10398.19,2015-07-03
DCDS,23205.11,2015-07-06
DCDS,23175.18,2015-07-07
DCDS,23016.3,2015-07-08
VCBFBCF,10554.2,2015-07-08
DCDS,23092.07,2015-07-09
DCDS,23245.29,2015-07-10
VCBFBCF,10484.01,2015-07-10
DCDS,23436.54,2015-07-13
DCDS,23391.08,2015-07-14
DCDS,23097.2,2015-07-15
VCBFBCF,10602.95,2015-07-15
DCDS,23097.42,2015-07-16
DCDS,23068.94,2015-07-17
VCBFBCF,10510.11,2015-07-17
DCDS,22912.22,2015-07-20
DCDS,22863.64,2015-07-21
DCDS,23321.11,2015-07-22
VCBFBCF,10479.12,2015-07-22
DCDS,23346.13,2015-07-23
DCDS,23511.9,2015-07-24
VCBFBCF,10721.81,2015-07-24
DCDS,23763.57,2015-07-27
DCDS,23718.4,2015-07-28
DCDS,23582.25,2015-07-29
VCBFBCF,10932.44,2015-07-29
DCDS,23561.73,2015-07-30
DCDS,23461.76,2015-07-31
VCBFBCF,10818.52,2015-07-31
DCDS,23136.53,2015-08-03
DCDS,23054.31,2015-08-04
DCDS,23398.28,2015-08-05
VCBFBCF,10543.66,2015-08-05
DCDS,23349.06,2015-08-06
DCDS,23479.39,2015-08-07
VCBFBCF,10670.81,2015-08-07
DCDS,23907.06,2015-08-10
DCDS,23793.2,2015-08-11
DCDS,23537.25,2015-08-12
VCBFBCF,10934.87,2015-08-12
DCDS,23279.7,2015-08-13
DCDS,23201.36,2015-08-14
VCBFBCF,10746.84,2015-08-14
DCDS,22748.63,2015-08-17
DCDS,22967.52,2015-08-18
DCDS,23011.85,2015-08-19
VCBFBCF,10678.16,2015-08-19
DCDS,22710.99,2015-08-20
DCDS,22386.27,2015-08-21
VCBFBCF,10555.79,2015-08-21
DCDS,21362.83,2015-08-24
DCDS,21428.93,2015-08-25
DCDS,22015.7,2015-08-26
VCBFBCF,9926.48,2015-08-26
DCDS,22191.72,2015-08-27
DCDS,22513.52,2015-08-28
VCBFBCF,10319.44,2015-08-28
DCDS,22256.1,2015-08-31
VCBFBCF,10360.36,2015-08-31
DCDS,22314.46,2015-09-01
DCDS,22009.98,2015-09-03
VCBFBCF,10307.71,2015-09-03
DCDS,22045.07,2015-09-04
VCBFBCF,10174.19,2015-09-04
DCDS,21946.76,2015-09-07
DCDS,22275.9,2015-09-08
DCDS,22496.14,2015-09-09
VCBFBCF,10261.92,2015-09-09
DCDS,22509.22,2015-09-10
DCDS,22393.85,2015-09-11
VCBFBCF,10394.2,2015-09-11
DCDS,22358.99,2015-09-14
DCDS,22398.64,2015-09-15
DCDS,22347.07,2015-09-16
VCBFBCF,10304.1,2015-09-16
DCDS,22335.5,2015-09-17
DCDS,22631.7,2015-09-18
VCBFBCF,10340.2,2015-09-18
DCDS,22894.18,2015-09-21
DCDS,22989.91,2015-09-22
DCDS,22939.09,2015-09-23
VCBFBCF,10544.84,2015-09-23
DCDS,22966.58,2015-09-24
DCDS,22982.85,2015-09-25
VCBFBCF,10589.87,2015-09-25
DCDS,22777.13,2015-09-28
DCDS,22651.93,2015-09-29
DCDS,22699.37,2015-09-30
VCBFBCF,10574.25,2015-09-30
DCDS,22761.7,2015-10-01
DCDS,22777.45,2015-10-02
VCBFBCF,10681.38,2015-10-02
DCDS,23034.08,2015-10-05
DCDS,23386.03,2015-10-06
DCDS,23236.28,2015-10-07
VCBFBCF,11069.56,2015-10-07
DCDS,23451.51,2015-10-08
DCDS,23382.42,2015-10-09
VCBFBCF,11074.4,2015-10-09
DCDS,23478.54,2015-10-12
DCDS,23454.15,2015-10-13
DCDS,23545.89,2015-10-14
VCBFBCF,11092.17,2015-10-14
DCDS,23599.55,2015-10-15
DCDS,23653.03,2015-10-16
VCBFBCF,11286.89,2015-10-16
DCDS,23808.09,2015-10-19
DCDS,23647.11,2015-10-20
DCDS,23593.69,2015-10-21
VCBFBCF,11387.11,2015-10-21
DCDS,23742.53,2015-10-22
DCDS,23959.98,2015-10-23
VCBFBCF,11498.18,2015-10-23
DCDS,23881.41,2015-10-26
DCDS,23909.82,2015-10-27
DCDS,23992.3,2015-10-28
VCBFBCF,11620.99,2015-10-28
DCDS,24235.34,2015-10-29
DCDS,24241.77,2015-10-30
VCBFBCF,11759.81,2015-10-30
DCDS,24241.34,2015-10-31
VCBFBCF,11736.72,2015-10-31
DCDS,23972.57,2015-11-02
DCDS,24388.17,2015-11-03
DCDS,24267.62,2015-11-04
VCBFBCF,11716.43,2015-11-04
DCDS,24505.71,2015-11-05
DCDS,24427.3,2015-11-06
VCBFBCF,11751.41,2015-11-06
DCDS,24220.49,2015-11-09
DCDS,24092.43,2015-11-10
DCDS,24055.43,2015-11-11
VCBFBCF,11708.1,2015-11-11
DCDS,24290.43,2015-11-12
DCDS,24638.54,2015-11-13
VCBFBCF,11908.99,2015-11-13
DCDS,24659.99,2015-11-16
DCDS,24379.12,2015-11-17
DCDS,24334.32,2015-11-18
VCBFBCF,11992.59,2015-11-18
DCDS,24199.41,2015-11-19
DCDS,24269.0,2015-11-20
VCBFBCF,11996.63,2015-11-20
DCDS,24081.17,2015-11-23
DCDS,23764.01,2015-11-24
DCDS,23903.8,2015-11-25
VCBFBCF,11764.35,2015-11-25
DCDS,23671.54,2015-11-26
DCDS,23444.08,2015-11-27
VCBFBCF,11745.38,2015-11-27
DCDS,23237.89,2015-11-30
VCBFBCF,11597.35,2015-11-30
DCDS,23238.11,2015-12-01
DCDS,23411.65,2015-12-02
VCBFBCF,11613.59,2015-12-02
DCDS,23426.33,2015-12-03
DCDS,23289.05,2015-12-04
VCBFBCF,11651.11,2015-12-04
DCDS,23106.61,2015-12-07
DCDS,23552.74,2015-12-08
DCDS,23294.05,2015-12-09
VCBFBCF,11777.27,2015-12-09
DCDS,23138.96,2015-12-10
DCDS,23247.77,2015-12-11
VCBFBCF,11569.56,2015-12-11
DCDS,23253.19,2015-12-14
DCDS,23530.48,2015-12-15
DCDS,23685.13,2015-12-16
VCBFBCF,11717.05,2015-12-16
DCDS,23829.67,2015-12-17
DCDS,23607.0,2015-12-18
VCBFBCF,11934.0,2015-12-18
DCDS,23491.16,2015-12-21
DCDS,23345.98,2015-12-22
DCDS,23256.53,2015-12-23
VCBFBCF,11709.59,2015-12-23
DCDS,23285.86,2015-12-24
DCDS,23261.91,2015-12-25
VCBFBCF,11703.8,2015-12-25
DCDS,23340.91,2015-12-28
DCDS,23520.53,2015-12-29
DCDS,23580.3,2015-12-30
VCBFBCF,11755.35,2015-12-30
DCDS,23598.97,2015-12-31
VCBFBCF,11906.67,2015-12-31
DCDS,23597.97,2016-01-03
DCDS,23481.89,2016-01-04
DCDS,23323.41,2016-01-05
DCDS,23460.86,2016-01-06
VCBFBCF,11719.25,2016-01-06
DCDS,23081.1,2016-01-07
DCDS,22909.52,2016-01-08
DCDS,22766.67,2016-01-11
DCDS,23118.65,2016-01-12
DCDS,23049.8,2016-01-13
VCBFBCF,11512.6,2016-01-13
DCDS,22845.35,2016-01-14
DCDS,22592.73,2016-01-15
DCDS,22131.79,2016-01-18
DCDS,22423.08,2016-01-19
DCDS,22274.93,2016-01-20
VCBFBCF,11180.96,2016-01-20
DCDS,22139.06,2016-01-21
DCDS,22094.14,2016-01-22
DCDS,22692.99,2016-01-25
DCDS,22336.62,2016-01-26
DCDS,22535.28,2016-01-27
VCBFBCF,11215.71,2016-01-27
DCDS,22482.83,2016-01-28
DCDS,22613.8,2016-01-29
DCDS,22613.4,2016-01-31
VCBFBCF,11401.52,2016-01-31
DCDS,22515.86,2016-02-01
DCDS,22408.97,2016-02-02
DCDS,22484.84,2016-02-03
VCBFBCF,11234.69,2016-02-03
DCDS,22629.2,2016-02-04
DCDS,22726.92,2016-02-05
DCDS,22725.15,2016-02-14
DCDS,22739.71,2016-02-15
VCBFBCF,11495.14,2016-02-15
DCDS,22996.25,2016-02-16
DCDS,23109.06,2016-02-17
VCBFBCF,11706.1,2016-02-17
DCDS,23322.61,2016-02-18
DCDS,23340.21,2016-02-19
DCDS,23339.48,2016-02-21
DCDS,23520.55,2016-02-22
DCDS,23434.44,2016-02-23
DCDS,23548.38,2016-02-24
VCBFBCF,12076.21,2016-02-24
DCDS,23385.92,2016-02-25
DCDS,23578.82,2016-02-26
DCDS,23578.11,2016-02-28
DCDS,23480.0,2016-02-29
VCBFBCF,12036.4,2016-02-29
DCDS,23589.01,2016-03-01
DCDS,23788.73,2016-03-02
VCBFBCF,12158.94,2016-03-02
DCDS,23854.82,2016-03-03
DCDS,24075.19,2016-03-04
DCDS,24074.44,2016-03-06
DCDS,24059.06,2016-03-07
DCDS,23929.8,2016-03-08
DCDS,23990.69,2016-03-09
VCBFBCF,12392.11,2016-03-09
DCDS,24194.95,2016-03-10
DCDS,24277.8,2016-03-11
DCDS,24276.96,2016-03-13
DCDS,24158.91,2016-03-14
DCDS,24109.95,2016-03-15
DCDS,24254.47,2016-03-16
VCBFBCF,12407.22,2016-03-16
DCDS,24348.92,2016-03-17
DCDS,24319.04,2016-03-18
DCDS,24318.18,2016-03-20
DCDS,24152.28,2016-03-21
DCDS,24063.2,2016-03-22
DCDS,24206.45,2016-03-23
VCBFBCF,12441.83,2016-03-23
DCDS,24162.88,2016-03-24
DCDS,24070.24,2016-03-25
DCDS,24069.36,2016-03-27
DCDS,24205.98,2016-03-28
DCDS,24088.83,2016-03-29
DCDS,24207.9,2016-03-30
VCBFBCF,12599.76,2016-03-30
DCDS,23849.99,2016-03-31
VCBFBCF,12368.53,2016-03-31
DCDS,23772.84,2016-04-01
DCDS,23772.23,2016-04-03
DCDS,23759.37,2016-04-04
DCDS,24027.65,2016-04-05
DCDS,24256.75,2016-04-06
VCBFBCF,12358.87,2016-04-06
DCDS,24484.42,2016-04-07
DCDS,24559.76,2016-04-08
DCDS,24559.06,2016-04-10
DCDS,24739.78,2016-04-11
DCDS,24750.11,2016-04-12
DCDS,24660.35,2016-04-13
VCBFBCF,12817.83,2016-04-13
DCDS,24688.65,2016-04-14
DCDS,24713.36,2016-04-15
DCDS,24712.46,2016-04-18
DCDS,24345.56,2016-04-19
DCDS,24220.32,2016-04-20
VCBFBCF,12465.95,2016-04-20
DCDS,24424.56,2016-04-21
DCDS,24775.52,2016-04-22
DCDS,24774.92,2016-04-24
DCDS,24734.87,2016-04-25
DCDS,24880.55,2016-04-26
DCDS,24696.28,2016-04-27
VCBFBCF,12670.46,2016-04-27
DCDS,24701.25,2016-04-28
DCDS,24843.68,2016-04-29
DCDS,24843.4,2016-04-30
VCBFBCF,12613.49,2016-04-30
DCDS,24843.68,2016-05-02
DCDS,24842.57,2016-05-03
DCDS,24978.19,2016-05-04
VCBFBCF,12610.99,2016-05-04
DCDS,25141.32,2016-05-05
DCDS,25157.0,2016-05-06
DCDS,25156.65,2016-05-08
DCDS,25104.12,2016-05-09
DCDS,25088.64,2016-05-10
DCDS,25353.15,2016-05-11
VCBFBCF,12594.66,2016-05-11
DCDS,25323.76,2016-05-12
DCDS,25291.93,2016-05-13
DCDS,25291.58,2016-05-15
DCDS,25450.17,2016-05-16
DCDS,25675.38,2016-05-17
DCDS,25571.79,2016-05-18
VCBFBCF,12862.89,2016-05-18
DCDS,25549.92,2016-05-19
DCDS,25521.12,2016-05-20
DCDS,25520.66,2016-05-22
DCDS,25439.83,2016-05-23
DCDS,25451.19,2016-05-24
DCDS,25446.68,2016-05-25
VCBFBCF,12831.13,2016-05-25
DCDS,25224.44,2016-05-26
DCDS,25455.0,2016-05-27
DCDS,25454.53,2016-05-29
DCDS,25573.18,2016-05-30
DCDS,25648.82,2016-05-31
VCBFBCF,13012.88,2016-05-31
DCDS,25698.57,2016-06-01
DCDS,25904.06,2016-06-02
DCDS,25934.04,2016-06-03
DCDS,25933.59,2016-06-05
DCDS,25738.79,2016-06-06
DCDS,25923.37,2016-06-07
DCDS,26037.34,2016-06-08
VCBFBCF,13190.45,2016-06-08
DCDS,26043.98,2016-06-09
DCDS,25990.67,2016-06-10
DCDS,25989.74,2016-06-12
DCDS,25888.1,2016-06-13
DCDS,26043.01,2016-06-14
DCDS,26082.75,2016-06-15
VCBFBCF,13313.49,2016-06-15
DCDS,26051.98,2016-06-16
DCDS,25909.91,2016-06-17
DCDS,25909.29,2016-06-19
DCDS,26347.25,2016-06-20
DCDS,26510.2,2016-06-21
DCDS,26453.76,2016-06-22
VCBFBCF,13663.74,2016-06-22
DCDS,26689.71,2016-06-23
DCDS,26447.97,2016-06-24
DCDS,26447.3,2016-06-26
DCDS,26437.16,2016-06-27
DCDS,26580.13,2016-06-28
DCDS,26816.22,2016-06-29
VCBFBCF,13829.81,2016-06-29
DCDS,26949.32,2016-06-30
VCBFBCF,14062.58,2016-06-30
DCDS,27172.83,2016-07-01
DCDS,27172.08,2016-07-03
DCDS,27522.42,2016-07-04
DCDS,27517.15,2016-07-05
DCDS,27593.0,2016-07-06
VCBFBCF,14264.55,2016-07-06
DCDS,28118.85,2016-07-07
DCDS,28174.86,2016-07-08
DCDS,28173.39,2016-07-10
DCDS,27784.82,2016-07-11
DCDS,27943.98,2016-07-12
DCDS,28292.1,2016-07-13
VCBFBCF,14392.4,2016-07-13
DCDS,28052.98,2016-07-14
DCDS,27974.19,2016-07-15
DCDS,27973.87,2016-07-17
DCDS,28230.38,2016-07-18
DCDS,28044.27,2016-07-19
DCDS,27902.06,2016-07-20
VCBFBCF,14346.82,2016-07-20
DCDS,27843.4,2016-07-21
DCDS,27542.87,2016-07-22
DCDS,27543.18,2016-07-24
DCDS,27476.39,2016-07-25
DCDS,27528.2,2016-07-26
DCDS,27747.38,2016-07-27
VCBFBCF,14186.03,2016-07-27
DCDS,27888.35,2016-07-28
DCDS,27907.7,2016-07-29
DCDS,27907.9,2016-07-31
VCBFBCF,14299.09,2016-07-31
DCDS,27676.55,2016-08-01
DCDS,27357.77,2016-08-02
DCDS,27308.29,2016-08-03
VCBFBCF,14000.81,2016-08-03
DCDS,27329.74,2016-08-04
DCDS,27341.51,2016-08-05
DCDS,27341.87,2016-08-07
DCDS,27413.48,2016-08-08
DCDS,27661.99,2016-08-09
DCDS,27922.85,2016-08-10
VCBFBCF,14127.34,2016-08-10
DCDS,28276.69,2016-08-11
DCDS,28142.82,2016-08-12
DCDS,28143.34,2016-08-14
DCDS,28272.94,2016-08-15
DCDS,28407.13,2016-08-16
DCDS,28696.09,2016-08-17
VCBFBCF,14611.48,2016-08-17
DCDS,28832.23,2016-08-18
DCDS,28819.25,2016-08-19
DCDS,28819.26,2016-08-21
DCDS,28561.15,2016-08-22
DCDS,28778.15,2016-08-23
DCDS,28774.14,2016-08-24
VCBFBCF,14673.76,2016-08-24
DCDS,28758.52,2016-08-25
DCDS,28992.67,2016-08-26
DCDS,28992.13,2016-08-28
DCDS,28920.9,2016-08-29
DCDS,29106.51,2016-08-30
VCBFBCF,14803.02,2016-08-30
DCDS,29333.94,2016-08-31
VCBFBCF,14978.98,2016-08-31
DCDS,29231.08,2016-09-01
DCDS,29228.79,2016-09-04
DCDS,29158.21,2016-09-05
DCDS,29100.06,2016-09-06
DCDS,29080.47,2016-09-07
VCBFBCF,14942.26,2016-09-07
DCDS,29247.01,2016-09-08
DCDS,29147.66,2016-09-09
DCDS,29146.63,2016-09-11
DCDS,28809.65,2016-09-12
DCDS,28938.38,2016-09-13
DCDS,28909.38,2016-09-14
VCBFBCF,14855.02,2016-09-14
DCDS,28866.26,2016-09-15
DCDS,28670.83,2016-09-16
DCDS,28669.42,2016-09-18
DCDS,28669.98,2016-09-19
DCDS,28739.32,2016-09-20
DCDS,28854.49,2016-09-21
VCBFBCF,14815.09,2016-09-21
DCDS,29012.27,2016-09-22
DCDS,29157.07,2016-09-23
DCDS,29156.44,2016-09-25
DCDS,29250.9,2016-09-26
DCDS,29298.3,2016-09-27
DCDS,29367.52,2016-09-28
VCBFBCF,15078.97,2016-09-28
DCDS,29392.22,2016-09-29
DCDS,29260.09,2016-09-30
VCBFBCF,15104.29,2016-09-30
DCDS,29259.38,2016-10-02
DCDS,29210.65,2016-10-03
DCDS,29106.99,2016-10-04
DCDS,29124.49,2016-10-05
VCBFBCF,14978.12,2016-10-05
DCDS,29173.79,2016-10-06
DCDS,29005.31,2016-10-09
DCDS,28704.89,2016-10-10
DCDS,28910.21,2016-10-11
DCDS,28920.01,2016-10-12
VCBFBCF,14902.35,2016-10-12
DCDS,29040.88,2016-10-13
DCDS,29067.04,2016-10-16
DCDS,28806.11,2016-10-17
DCDS,28902.17,2016-10-18
DCDS,29057.5,2016-10-19
VCBFBCF,14933.07,2016-10-19
DCDS,29079.0,2016-10-20
DCDS,29016.85,2016-10-23
DCDS,28651.48,2016-10-24
DCDS,28500.35,2016-10-25
DCDS,28479.39,2016-10-26
VCBFBCF,14632.89,2016-10-26
DCDS,28559.01,2016-10-27
DCDS,28674.39,2016-10-30
DCDS,28525.75,2016-10-31
VCBFBCF,14647.23,2016-10-31
DCDS,28596.68,2016-11-01
DCDS,28409.08,2016-11-02
VCBFBCF,14627.24,2016-11-02
DCDS,28378.52,2016-11-03
DCDS,28359.27,2016-11-06
DCDS,28527.62,2016-11-07
DCDS,28588.03,2016-11-08
DCDS,28420.25,2016-11-09
VCBFBCF,14542.98,2016-11-09
DCDS,28580.06,2016-11-10
DCDS,28617.25,2016-11-13
DCDS,28411.03,2016-11-14
DCDS,28352.07,2016-11-15
DCDS,28358.29,2016-11-16
VCBFBCF,14424.11,2016-11-16
DCDS,28366.39,2016-11-17
DCDS,28267.38,2016-11-20
DCDS,28309.52,2016-11-21
DCDS,28537.21,2016-11-22
DCDS,28424.38,2016-11-23
VCBFBCF,14385.06,2016-11-23
DCDS,28344.63,2016-11-24
DCDS,28307.69,2016-11-25
DCDS,28486.31,2016-11-27
DCDS,28142.25,2016-11-28
DCDS,28196.97,2016-11-29
DCDS,28497.08,2016-11-30
VCBFBCF,14198.69,2016-11-30
DCDS,28508.92,2016-12-01
DCDS,28474.02,2016-12-04
DCDS,28189.17,2016-12-05
DCDS,27884.58,2016-12-06
DCDS,27792.88,2016-12-07
VCBFBCF,14088.43,2016-12-07
DCDS,27971.8,2016-12-08
DCDS,28108.47,2016-12-11
DCDS,27870.12,2016-12-12
DCDS,27754.41,2016-12-13
DCDS,27922.35,2016-12-14
VCBFBCF,13784.3,2016-12-14
DCDS,27799.43,2016-12-15
DCDS,27971.05,2016-12-18
DCDS,27868.84,2016-12-19
DCDS,27710.94,2016-12-20
DCDS,27806.35,2016-12-21
VCBFBCF,13953.22,2016-12-21
DCDS,27653.06,2016-12-22
DCDS,27677.8,2016-12-25
DCDS,27759.5,2016-12-26
DCDS,27860.61,2016-12-27
DCDS,27959.18,2016-12-28
VCBFBCF,13878.84,2016-12-28
DCDS,27993.4,2016-12-29
DCDS,28148.66,2016-12-31
VCBFBCF,14092.35,2016-12-31
DCDS,28146.87,2017-01-01
DCDS,28146.87,2017-01-02
DCDS,28146.87,2017-01-03
DCDS,28365.35,2017-01-04
VCBFBCF,14175.95,2017-01-04
DCDS,28440.24,2017-01-05
DCDS,28441.33,2017-01-06
DCDS,28506.24,2017-01-09
DCDS,28674.42,2017-01-10
DCDS,28696.13,2017-01-11
VCBFBCF,14290.33,2017-01-11
DCDS,28879.76,2017-01-12
DCDS,28817.91,2017-01-13
DCDS,28731.85,2017-01-16
DCDS,28525.5,2017-01-17
DCDS,28604.33,2017-01-18
VCBFBCF,14432.53,2017-01-18
DCDS,28556.33,2017-01-19
DCDS,28531.82,2017-01-20
DCDS,28655.0,2017-01-23
DCDS,28658.38,2017-01-24
DCDS,28705.19,2017-01-25
VCBFBCF,14461.33,2017-01-25
DCDS,28907.61,2017-01-27
VCBFBCF,14511.2,2017-01-31
DCDS,28903.72,2017-02-02
VCBFBCF,14510.68,2017-02-02
DCDS,29168.21,2017-02-03
DCDS,29038.17,2017-02-06
DCDS,29058.77,2017-02-07
DCDS,29133.62,2017-02-08
VCBFBCF,14767.08,2017-02-08
DCDS,29121.57,2017-02-09
DCDS,29163.28,2017-02-10
DCDS,29197.42,2017-02-13
DCDS,29376.6,2017-02-14
DCDS,29414.0,2017-02-15
VCBFBCF,15144.34,2017-02-15
DCDS,29456.58,2017-02-16
DCDS,29468.55,2017-02-17
DCDS,29320.36,2017-02-20
DCDS,29311.85,2017-02-21
DCDS,29498.89,2017-02-22
VCBFBCF,15314.31,2017-02-22
DCDS,29449.11,2017-02-23
DCDS,29491.7,2017-02-24
DCDS,29422.8,2017-02-27
DCDS,29621.94,2017-02-28
VCBFBCF,15209.31,2017-02-28
DCDS,29437.25,2017-03-01
DCDS,29486.64,2017-03-02
DCDS,29520.9,2017-03-03
DCDS,29586.18,2017-03-06
DCDS,29602.88,2017-03-07
DCDS,29646.01,2017-03-08
VCBFBCF,15320.6,2017-03-08
DCDS,29811.96,2017-03-09
DCDS,29888.43,2017-03-10
DCDS,29806.69,2017-03-13
DCDS,29732.83,2017-03-14
DCDS,29951.03,2017-03-15
VCBFBCF,15328.83,2017-03-15
DCDS,29884.62,2017-03-16
DCDS,29938.48,2017-03-17
DCDS,29832.83,2017-03-20
DCDS,30079.47,2017-03-21
DCDS,30280.13,2017-03-22
VCBFBCF,15603.15,2017-03-22
DCDS,30117.4,2017-03-23
DCDS,30295.62,2017-03-24
DCDS,30418.0,2017-03-27
DCDS,30442.63,2017-03-28
DCDS,30389.75,2017-03-29
VCBFBCF,15628.07,2017-03-29
DCDS,30380.15,2017-03-30
DCDS,30414.17,2017-03-31
VCBFBCF,15737.83,2017-03-31
DCDS,30427.99,2017-04-03
DCDS,30442.09,2017-04-04
DCDS,30480.84,2017-04-05
VCBFBCF,15750.42,2017-04-05
DCDS,30387.5,2017-04-07
DCDS,30414.87,2017-04-10
DCDS,30501.67,2017-04-11
DCDS,30583.53,2017-04-12
VCBFBCF,15793.71,2017-04-12
DCDS,30402.56,2017-04-13
DCDS,30302.08,2017-04-14
DCDS,30025.3,2017-04-17
DCDS,29788.53,2017-04-18
DCDS,29878.79,2017-04-19
VCBFBCF,15528.64,2017-04-19
DCDS,30121.76,2017-04-20
DCDS,30023.33,2017-04-21
DCDS,30060.18,2017-04-24
DCDS,30038.51,2017-04-25
DCDS,29892.52,2017-04-26
VCBFBCF,15485.82,2017-04-26
DCDS,30016.89,2017-04-27
DCDS,30198.55,2017-04-28
VCBFBCF,15894.26,2017-04-30
DCDS,30236.02,2017-05-03
VCBFBCF,15893.15,2017-05-03
DCDS,30320.35,2017-05-04
DCDS,30555.93,2017-05-05
DCDS,30551.33,2017-05-08
DCDS,30474.87,2017-05-09
DCDS,30655.36,2017-05-10
VCBFBCF,16028.36,2017-05-10
DCDS,30603.55,2017-05-11
DCDS,30581.46,2017-05-12
DCDS,30626.83,2017-05-15
DCDS,30738.03,2017-05-16
DCDS,30567.21,2017-05-17
VCBFBCF,16212.3,2017-05-17
DCDS,30752.5,2017-05-18
DCDS,30632.03,2017-05-19
DCDS,30744.23,2017-05-22
DCDS,30999.27,2017-05-23
DCDS,30997.06,2017-05-24
VCBFBCF,16513.95,2017-05-24
DCDS,31283.78,2017-05-25
DCDS,31193.01,2017-05-26
DCDS,31302.29,2017-05-29
DCDS,31389.67,2017-05-30
DCDS,31155.52,2017-05-31
VCBFBCF,16697.16,2017-05-31
DCDS,31194.35,2017-06-01
DCDS,31399.76,2017-06-02
DCDS,31387.61,2017-06-05
DCDS,31486.39,2017-06-06
DCDS,31710.18,2017-06-07
VCBFBCF,17004.72,2017-06-07
DCDS,31822.83,2017-06-08
DCDS,31964.51,2017-06-09
DCDS,31932.81,2017-06-12
DCDS,31811.43,2017-06-13
DCDS,31985.96,2017-06-14
VCBFBCF,17137.56,2017-06-14
DCDS,32111.3,2017-06-15
DCDS,32130.62,2017-06-16
DCDS,32137.57,2017-06-19
DCDS,32251.26,2017-06-20
DCDS,32308.06,2017-06-21
VCBFBCF,17443.27,2017-06-21
DCDS,32262.94,2017-06-22
DCDS,32361.98,2017-06-23
DCDS,32558.23,2017-06-26
DCDS,32577.0,2017-06-27
DCDS,32336.53,2017-06-28
VCBFBCF,17519.01,2017-06-28
DCDS,32466.19,2017-06-29
DCDS,32585.91,2017-06-30
VCBFBCF,17597.44,2017-06-30
DCDS,32774.24,2017-07-03
DCDS,32756.49,2017-07-04
DCDS,32703.16,2017-07-05
VCBFBCF,17607.08,2017-07-05
DCDS,32741.83,2017-07-06
DCDS,32844.3,2017-07-07
DCDS,32763.03,2017-07-10
DCDS,32440.08,2017-07-11
DCDS,32444.23,2017-07-12
VCBFBCF,17387.83,2017-07-12
DCDS,32654.0,2017-07-13
DCDS,32733.56,2017-07-14
DCDS,32554.52,2017-07-17
DCDS,32173.88,2017-07-18
DCDS,32194.92,2017-07-19
VCBFBCF,17091.09,2017-07-19
DCDS,32162.49,2017-07-20
DCDS,32058.77,2017-07-21
DCDS,31703.4,2017-07-24
DCDS,31766.5,2017-07-25
DCDS,32058.67,2017-07-26
VCBFBCF,17060.5,2017-07-26
DCDS,32335.65,2017-07-27
DCDS,32263.52,2017-07-28
DCDS,32516.68,2017-07-31
VCBFBCF,17418.45,2017-07-31
DCDS,32521.18,2017-08-01
DCDS,32598.69,2017-08-02
VCBFBCF,17382.6,2017-08-02
DCDS,32485.4,2017-08-03
DCDS,32608.5,2017-08-04
DCDS,32804.02,2017-08-07
DCDS,32989.3,2017-08-08
DCDS,32766.79,2017-08-09
VCBFBCF,17271.5,2017-08-09
DCDS,32336.12,2017-08-10
DCDS,32678.14,2017-08-11
DCDS,32706.16,2017-08-14
DCDS,32953.51,2017-08-15
DCDS,32882.22,2017-08-16
VCBFBCF,17224.63,2017-08-16
DCDS,32985.55,2017-08-17
DCDS,32740.25,2017-08-18
DCDS,32672.2,2017-08-21
DCDS,32635.14,2017-08-22
DCDS,32441.39,2017-08-23
VCBFBCF,17053.59,2017-08-23
DCDS,32474.12,2017-08-24
DCDS,32631.07,2017-08-25
DCDS,32649.78,2017-08-28
DCDS,32815.85,2017-08-29
DCDS,32790.49,2017-08-30
VCBFBCF,17141.56,2017-08-30
DCDS,32930.22,2017-08-31
VCBFBCF,17187.28,2017-08-31
DCDS,32994.92,2017-09-01
DCDS,33122.33,2017-09-05
DCDS,33138.49,2017-09-06
VCBFBCF,17234.7,2017-09-06
DCDS,33177.12,2017-09-07
DCDS,33214.76,2017-09-08
DCDS,33243.12,2017-09-11
DCDS,33021.69,2017-09-12
DCDS,33192.91,2017-09-13
VCBFBCF,17020.1,2017-09-13
DCDS,33566.32,2017-09-14
DCDS,33534.73,2017-09-15
DCDS,33564.98,2017-09-18
DCDS,33649.01,2017-09-19
DCDS,33683.06,2017-09-20
VCBFBCF,17157.95,2017-09-20
DCDS,33787.85,2017-09-21
DCDS,33827.54,2017-09-22
DCDS,34074.72,2017-09-25
DCDS,34129.03,2017-09-26
DCDS,34201.07,2017-09-27
VCBFBCF,17297.68,2017-09-27
DCDS,33969.64,2017-09-28
DCDS,34075.98,2017-09-29
VCBFBCF,17309.72,2017-09-30
DCDS,34215.69,2017-10-02
DCDS,34165.18,2017-10-03
DCDS,34042.3,2017-10-04
VCBFBCF,17181.32,2017-10-04
DCDS,34507.35,2017-10-05
DCDS,34344.5,2017-10-06
DCDS,34494.81,2017-10-09
DCDS,34662.32,2017-10-10
DCDS,34961.96,2017-10-11
VCBFBCF,17316.85,2017-10-11
DCDS,35024.02,2017-10-12
DCDS,35104.95,2017-10-13
DCDS,35308.13,2017-10-16
DCDS,35391.42,2017-10-17
DCDS,35633.38,2017-10-18
VCBFBCF,17429.67,2017-10-18
DCDS,35490.56,2017-10-19
DCDS,35533.9,2017-10-20
DCDS,35175.77,2017-10-23
DCDS,34792.37,2017-10-24
DCDS,34994.41,2017-10-25
VCBFBCF,17140.56,2017-10-25
DCDS,35248.07,2017-10-26
DCDS,35107.89,2017-10-27
DCDS,35279.82,2017-10-30
DCDS,35197.61,2017-10-31
DCDS,35069.14,2017-11-01
VCBFBCF,17048.45,2017-11-01
DCDS,35039.82,2017-11-02
DCDS,34382.72,2017-11-03
DCDS,34778.38,2017-11-06
DCDS,35137.69,2017-11-07
DCDS,35120.59,2017-11-08
VCBFBCF,17189.79,2017-11-08
DCDS,35626.1,2017-11-09
DCDS,35804.96,2017-11-10
DCDS,36198.8,2017-11-13
DCDS,36563.92,2017-11-14
DCDS,36851.94,2017-11-15
VCBFBCF,17698.23,2017-11-15
DCDS,37018.68,2017-11-16
DCDS,37395.54,2017-11-17
DCDS,37262.13,2017-11-20
DCDS,37600.08,2017-11-21
DCDS,37709.9,2017-11-22
VCBFBCF,18070.44,2017-11-22
DCDS,38151.59,2017-11-23
DCDS,38292.65,2017-11-24
DCDS,38478.37,2017-11-27
DCDS,38372.81,2017-11-28
DCDS,38478.07,2017-11-29
VCBFBCF,18238.36,2017-11-29
DCDS,38983.74,2017-11-30
VCBFBCF,18507.43,2017-11-30
DCDS,39133.5,2017-12-01
DCDS,39387.2,2017-12-04
DCDS,39753.69,2017-12-05
DCDS,39028.64,2017-12-06
VCBFBCF,18784.42,2017-12-06
DCDS,38847.32,2017-12-07
DCDS,39041.05,2017-12-08
DCDS,38879.85,2017-12-11
DCDS,38301.56,2017-12-12
DCDS,38387.2,2017-12-13
VCBFBCF,18450.69,2017-12-13
DCDS,38229.54,2017-12-14
DCDS,38766.28,2017-12-15
DCDS,39204.23,2017-12-18
DCDS,39612.9,2017-12-19
DCDS,39485.73,2017-12-20
VCBFBCF,18898.07,2017-12-20
DCDS,39425.58,2017-12-21
DCDS,39269.09,2017-12-22
DCDS,39684.5,2017-12-25
DCDS,39663.93,2017-12-26
DCDS,39833.3,2017-12-27
VCBFBCF,19097.23,2017-12-27
DCDS,39936.23,2017-12-28
DCDS,40334.81,2017-12-29
VCBFBCF,19361.76,2017-12-31
DCDS,40770.18,2018-01-01
DCDS,40768.7,2018-01-02
DCDS,41429.32,2018-01-03
VCBFBCF,19545.89,2018-01-03
DCDS,41533.55,2018-01-04
DCDS,41962.73,2018-01-05
DCDS,42075.96,2018-01-08
DCDS,42495.63,2018-01-09
DCDS,42833.37,2018-01-10
VCBFBCF,19899.91,2018-01-10
DCDS,42913.7,2018-01-11
DCDS,42926.38,2018-01-12
DCDS,42842.66,2018-01-15
DCDS,43181.96,2018-01-16
DCDS,43220.19,2018-01-17
VCBFBCF,20024.66,2018-01-17
DCDS,42408.05,2018-01-18
DCDS,42841.74,2018-01-19
DCDS,43288.05,2018-01-22
DCDS,44123.17,2018-01-23
DCDS,44315.76,2018-01-24
VCBFBCF,19961.38,2018-01-24
DCDS,44290.52,2018-01-25
DCDS,44840.82,2018-01-26
DCDS,44984.03,2018-01-29
DCDS,44680.67,2018-01-30
DCDS,44947.73,2018-01-31
VCBFBCF,20145.22,2018-01-31
VCBFBCF,19963.81,2018-01-31
DCDS,44872.67,2018-02-01
DCDS,44599.11,2018-02-02
DCDS,44783.01,2018-02-05
DCDS,43024.23,2018-02-06
DCDS,41722.22,2018-02-07
VCBFBCF,18607.79,2018-02-07
DCDS,42936.0,2018-02-08
DCDS,42485.69,2018-02-09
DCDS,42207.24,2018-02-12
DCDS,43382.85,2018-02-13
VCBFBCF,19620.19,2018-02-14
DCDS,44166.36,2018-02-16
DCDS,44157.54,2018-02-21
VCBFBCF,19614.87,2018-02-21
DCDS,44881.73,2018-02-22
DCDS,44391.29,2018-02-23
DCDS,45124.68,2018-02-26
DCDS,45146.83,2018-02-27
DCDS,45495.29,2018-02-28
VCBFBCF,20101.15,2018-02-28
VCBFBCF,20187.86,2018-02-28
DCDS,45717.84,2018-03-01
DCDS,45728.96,2018-03-02
DCDS,46097.62,2018-03-05
DCDS,45171.94,2018-03-06
DCDS,46186.47,2018-03-07
VCBFBCF,20429.56,2018-03-07
DCDS,45751.0,2018-03-08
DCDS,46231.94,2018-03-09
DCDS,46304.92,2018-03-12
DCDS,46391.1,2018-03-13
DCDS,46556.4,2018-03-14
VCBFBCF,20741.39,2018-03-14
DCDS,46627.92,2018-03-15
DCDS,46527.58,2018-03-16
DCDS,47051.61,2018-03-19
DCDS,47377.65,2018-03-20
DCDS,47600.29,2018-03-21
VCBFBCF,20801.57,2018-03-21
DCDS,47675.55,2018-03-22
DCDS,47664.94,2018-03-23
DCDS,47002.43,2018-03-26
DCDS,47619.65,2018-03-27
DCDS,47833.01,2018-03-28
VCBFBCF,20711.51,2018-03-28
DCDS,47917.01,2018-03-29
DCDS,47868.68,2018-03-30
VCBFBCF,20604.67,2018-03-31
DCDS,48260.36,2018-04-01
DCDS,48258.35,2018-04-02
DCDS,48984.85,2018-04-03
DCDS,48678.67,2018-04-04
VCBFBCF,20637.64,2018-04-04
DCDS,48825.42,2018-04-05
DCDS,48962.75,2018-04-06
DCDS,49162.07,2018-04-09
DCDS,49328.49,2018-04-10
DCDS,49190.14,2018-04-11
VCBFBCF,20686.91,2018-04-11
DCDS,48183.1,2018-04-12
DCDS,48446.54,2018-04-13
DCDS,47899.96,2018-04-16
DCDS,47647.52,2018-04-17
DCDS,47802.79,2018-04-18
VCBFBCF,20172.83,2018-04-18
DCDS,47332.24,2018-04-19
DCDS,45944.72,2018-04-20
DCDS,46688.42,2018-04-23
DCDS,45119.73,2018-04-24
DCDS,45027.49,2018-04-26
VCBFBCF,19026.1,2018-04-26
DCDS,43658.66,2018-04-27
VCBFBCF,18911.09,2018-04-30
DCDS,44194.98,2018-05-01
DCDS,44193.17,2018-05-02
VCBFBCF,18910.18,2018-05-02
DCDS,43649.62,2018-05-03
DCDS,43733.78,2018-05-04
DCDS,43699.39,2018-05-07
DCDS,45062.58,2018-05-08
DCDS,44756.15,2018-05-09
VCBFBCF,19067.34,2018-05-09
DCDS,44423.94,2018-05-10
DCDS,43449.77,2018-05-11
DCDS,44058.49,2018-05-14
DCDS,44427.64,2018-05-15
DCDS,44507.02,2018-05-16
VCBFBCF,19211.06,2018-05-16
DCDS,43818.7,2018-05-17
DCDS,43240.46,2018-05-18
DCDS,43422.01,2018-05-21
DCDS,42912.22,2018-05-22
DCDS,41867.17,2018-05-23
VCBFBCF,18378.44,2018-05-23
DCDS,42056.03,2018-05-24
DCDS,41811.92,2018-05-25
DCDS,41043.86,2018-05-28
DCDS,39406.08,2018-05-29
DCDS,40385.73,2018-05-30
VCBFBCF,18059.76,2018-05-30
DCDS,40331.49,2018-05-31
VCBFBCF,18214.38,2018-05-31
DCDS,41256.12,2018-06-01
DCDS,41971.9,2018-06-04
DCDS,42507.28,2018-06-05
DCDS,42695.9,2018-06-06
VCBFBCF,18868.82,2018-06-06
DCDS,43220.17,2018-06-07
DCDS,43392.38,2018-06-08
DCDS,43738.09,2018-06-11
DCDS,43874.51,2018-06-12
DCDS,43129.62,2018-06-13
VCBFBCF,18823.57,2018-06-13
DCDS,43296.05,2018-06-14
DCDS,42806.42,2018-06-15
DCDS,42922.4,2018-06-18
DCDS,41573.67,2018-06-19
DCDS,40413.3,2018-06-20
VCBFBCF,18016.21,2018-06-20
DCDS,41186.79,2018-06-21
DCDS,40789.24,2018-06-22
DCDS,41448.47,2018-06-25
DCDS,41579.54,2018-06-26
DCDS,41256.74,2018-06-27
VCBFBCF,18464.6,2018-06-27
DCDS,40583.39,2018-06-28
DCDS,39819.95,2018-06-29
VCBFBCF,18028.73,2018-06-30
DCDS,39670.84,2018-07-01
DCDS,39670.18,2018-07-02
DCDS,38784.51,2018-07-03
DCDS,37339.3,2018-07-04
VCBFBCF,17087.84,2018-07-04
DCDS,37842.75,2018-07-05
DCDS,37328.07,2018-07-06
DCDS,38271.74,2018-07-09
DCDS,38038.58,2018-07-10
DCDS,38128.96,2018-07-11
VCBFBCF,17159.62,2018-07-11
DCDS,37179.02,2018-07-12
DCDS,37370.5,2018-07-13
DCDS,37948.65,2018-07-16
DCDS,38166.39,2018-07-17
DCDS,38742.17,2018-07-18
VCBFBCF,17504.17,2018-07-18
DCDS,39365.83,2018-07-19
DCDS,39329.94,2018-07-20
DCDS,39281.47,2018-07-23
DCDS,38965.03,2018-07-24
DCDS,38651.2,2018-07-25
VCBFBCF,17831.3,2018-07-25
DCDS,38374.83,2018-07-26
DCDS,38432.64,2018-07-27
DCDS,38841.25,2018-07-30
DCDS,39306.14,2018-07-31
VCBFBCF,18195.11,2018-07-31
DCDS,39470.73,2018-08-01
DCDS,39243.59,2018-08-02
DCDS,39320.43,2018-08-03
DCDS,39314.05,2018-08-06
DCDS,39146.13,2018-08-07
DCDS,39068.45,2018-08-08
VCBFBCF,17884.46,2018-08-08
DCDS,39393.01,2018-08-09
DCDS,39509.86,2018-08-10
DCDS,39639.27,2018-08-13
DCDS,40001.92,2018-08-14
DCDS,40119.96,2018-08-15
VCBFBCF,18418.36,2018-08-15
DCDS,39517.84,2018-08-16
DCDS,39633.12,2018-08-17
DCDS,39585.51,2018-08-20
DCDS,39552.07,2018-08-21
DCDS,40027.66,2018-08-22
VCBFBCF,18437.25,2018-08-22
DCDS,40083.41,2018-08-23
DCDS,40118.87,2018-08-24
DCDS,40166.88,2018-08-27
DCDS,40314.89,2018-08-28
DCDS,40439.42,2018-08-29
VCBFBCF,18687.8,2018-08-29
DCDS,40358.99,2018-08-30
DCDS,40678.26,2018-08-31
VCBFBCF,18799.84,2018-08-31
DCDS,40386.64,2018-09-01
DCDS,40385.24,2018-09-04
DCDS,39814.89,2018-09-05
VCBFBCF,18608.64,2018-09-05
DCDS,39511.34,2018-09-06
DCDS,39216.1,2018-09-07
DCDS,39678.26,2018-09-10
DCDS,39556.3,2018-09-11
DCDS,39970.8,2018-09-12
VCBFBCF,18786.28,2018-09-12
DCDS,39922.3,2018-09-13
DCDS,40059.01,2018-09-14
DCDS,40214.31,2018-09-17
DCDS,40035.19,2018-09-18
DCDS,40250.28,2018-09-19
VCBFBCF,19237.44,2018-09-19
DCDS,40440.99,2018-09-20
DCDS,40832.73,2018-09-21
DCDS,41184.54,2018-09-24
DCDS,41297.97,2018-09-25
DCDS,41224.52,2018-09-26
VCBFBCF,19680.04,2018-09-26
DCDS,41186.25,2018-09-27
DCDS,41449.71,2018-09-28
VCBFBCF,19841.26,2018-09-30
DCDS,41558.24,2018-10-01
DCDS,41347.88,2018-10-02
DCDS,41312.26,2018-10-03
VCBFBCF,19862.73,2018-10-03
DCDS,41490.0,2018-10-04
DCDS,41758.8,2018-10-05
DCDS,41329.31,2018-10-08
DCDS,41131.86,2018-10-09
DCDS,41173.34,2018-10-10
VCBFBCF,19839.81,2018-10-10
DCDS,41171.75,2018-10-11
DCDS,39222.87,2018-10-12
DCDS,40060.37,2018-10-15
DCDS,39387.25,2018-10-16
DCDS,39713.37,2018-10-17
VCBFBCF,19044.0,2018-10-17
DCDS,39980.54,2018-10-18
DCDS,39687.52,2018-10-19
DCDS,39529.45,2018-10-22
DCDS,39221.16,2018-10-23
DCDS,38441.6,2018-10-24
VCBFBCF,18301.39,2018-10-24
DCDS,37751.0,2018-10-25
DCDS,37252.45,2018-10-26
DCDS,36720.74,2018-10-29
DCDS,36212.83,2018-10-30
DCDS,36354.02,2018-10-31
VCBFBCF,17598.95,2018-10-31
VCBFBCF,18029.91,2018-10-31
DCDS,37522.71,2018-11-01
DCDS,37136.13,2018-11-02
DCDS,37830.19,2018-11-05
DCDS,37806.15,2018-11-06
DCDS,37544.49,2018-11-07
VCBFBCF,18180.5,2018-11-07
DCDS,37489.11,2018-11-08
DCDS,37515.39,2018-11-09
DCDS,36849.59,2018-11-12
DCDS,37085.7,2018-11-13
DCDS,36606.54,2018-11-14
VCBFBCF,17813.51,2018-11-14
DCDS,36365.73,2018-11-15
DCDS,36197.06,2018-11-16
DCDS,36473.68,2018-11-19
DCDS,37083.18,2018-11-20
DCDS,37140.41,2018-11-21
VCBFBCF,18098.57,2018-11-21
DCDS,37260.52,2018-11-22
DCDS,37367.18,2018-11-23
DCDS,37010.14,2018-11-26
DCDS,37072.16,2018-11-27
DCDS,37007.06,2018-11-28
VCBFBCF,18081.46,2018-11-28
DCDS,37247.55,2018-11-29
DCDS,37042.88,2018-11-30
VCBFBCF,18145.9,2018-11-30
DCDS,37044.63,2018-12-01
DCDS,37044.21,2018-12-03
DCDS,38093.41,2018-12-04
DCDS,38214.95,2018-12-05
VCBFBCF,18756.06,2018-12-05
DCDS,38247.12,2018-12-06
DCDS,38155.41,2018-12-07
DCDS,38335.72,2018-12-10
DCDS,38086.62,2018-12-11
DCDS,38059.27,2018-12-12
VCBFBCF,18651.58,2018-12-12
DCDS,38428.34,2018-12-13
DCDS,38390.69,2018-12-14
DCDS,38067.37,2018-12-17
DCDS,37393.63,2018-12-18
DCDS,37465.48,2018-12-19
VCBFBCF,18155.13,2018-12-19
DCDS,37293.35,2018-12-20
DCDS,37257.11,2018-12-21
DCDS,37106.32,2018-12-24
DCDS,36932.82,2018-12-25
DCDS,36529.98,2018-12-26
VCBFBCF,17479.23,2018-12-26
DCDS,36423.11,2018-12-27
DCDS,36847.31,2018-12-28
VCBFBCF,17760.77,2018-12-31
DCDS,36842.79,2019-01-01
DCDS,36842.7,2019-01-02
VCBFBCF,17759.75,2019-01-02
DCDS,36481.41,2019-01-03
DCDS,35866.3,2019-01-04
DCDS,35960.98,2019-01-07
DCDS,36233.57,2019-01-08
DCDS,36102.06,2019-01-09
VCBFBCF,17391.64,2019-01-09
DCDS,36464.59,2019-01-10
DCDS,36472.72,2019-01-11
DCDS,36473.39,2019-01-14
DCDS,36406.02,2019-01-15
DCDS,36682.59,2019-01-16
VCBFBCF,17724.51,2019-01-16
DCDS,36945.08,2019-01-17
DCDS,36762.22,2019-01-18
DCDS,36721.29,2019-01-21
DCDS,36929.5,2019-01-22
DCDS,36731.38,2019-01-23
VCBFBCF,17715.69,2019-01-23
DCDS,36720.42,2019-01-24
DCDS,36765.84,2019-01-25
DCDS,36766.04,2019-01-28
DCDS,36830.07,2019-01-29
DCDS,37016.91,2019-01-30
VCBFBCF,17878.06,2019-01-30
DCDS,36958.62,2019-01-31
VCBFBCF,17953.7,2019-01-31
DCDS,36859.69,2019-02-01
VCBFBCF,17946.37,2019-02-06
DCDS,36855.14,2019-02-11
VCBFBCF,17941.15,2019-02-11
DCDS,37419.66,2019-02-12
DCDS,37600.13,2019-02-13
VCBFBCF,18284.49,2019-02-13
DCDS,37876.99,2019-02-14
DCDS,37901.02,2019-02-15
DCDS,37933.74,2019-02-18
DCDS,38186.39,2019-02-19
DCDS,38241.36,2019-02-20
VCBFBCF,18495.29,2019-02-20
DCDS,38446.32,2019-02-21
DCDS,38827.15,2019-02-22
DCDS,38977.75,2019-02-25
DCDS,39197.41,2019-02-26
DCDS,38930.74,2019-02-27
VCBFBCF,18773.48,2019-02-27
DCDS,38903.52,2019-02-28
VCBFBCF,18538.58,2019-02-28
DCDS,38209.93,2019-03-01
DCDS,38630.75,2019-03-04
DCDS,39135.51,2019-03-05
DCDS,38995.91,2019-03-06
VCBFBCF,18909.4,2019-03-06
DCDS,39036.76,2019-03-07
DCDS,39020.29,2019-03-08
DCDS,38721.18,2019-03-11
DCDS,38731.58,2019-03-12
DCDS,39279.55,2019-03-13
VCBFBCF,19136.9,2019-03-13
DCDS,39492.31,2019-03-14
DCDS,39571.3,2019-03-15
DCDS,39404.29,2019-03-18
DCDS,39610.91,2019-03-19
DCDS,39400.66,2019-03-20
VCBFBCF,19058.68,2019-03-20
DCDS,39240.89,2019-03-21
DCDS,38692.63,2019-03-22
DCDS,38858.74,2019-03-25
DCDS,38156.31,2019-03-26
DCDS,38207.27,2019-03-27
VCBFBCF,18631.41,2019-03-27
DCDS,38437.67,2019-03-28
DCDS,38615.0,2019-03-29
VCBFBCF,18747.98,2019-03-31
DCDS,38584.84,2019-04-01
DCDS,38723.12,2019-04-02
DCDS,38651.9,2019-04-03
VCBFBCF,18733.97,2019-04-03
DCDS,38621.05,2019-04-04
DCDS,38739.56,2019-04-05
DCDS,38798.38,2019-04-08
DCDS,39017.06,2019-04-09
DCDS,38798.16,2019-04-10
VCBFBCF,18767.97,2019-04-10
DCDS,38489.24,2019-04-11
DCDS,38543.86,2019-04-12
DCDS,38531.33,2019-04-16
DCDS,38276.8,2019-04-17
VCBFBCF,18663.38,2019-04-17
DCDS,38226.27,2019-04-18
DCDS,37976.7,2019-04-19
DCDS,38079.03,2019-04-22
DCDS,38026.14,2019-04-23
DCDS,38058.15,2019-04-24
VCBFBCF,18304.1,2019-04-24
DCDS,38410.19,2019-04-25
DCDS,38347.56,2019-04-26
VCBFBCF,18612.83,2019-04-30
DCDS,38596.31,2019-05-01
DCDS,38595.99,2019-05-02
VCBFBCF,18611.8,2019-05-02
DCDS,38652.74,2019-05-03
DCDS,38590.31,2019-05-06
DCDS,37938.89,2019-05-07
DCDS,38057.25,2019-05-08
VCBFBCF,18338.22,2019-05-08
DCDS,37798.76,2019-05-09
DCDS,37620.09,2019-05-10
DCDS,37719.17,2019-05-13
DCDS,37895.9,2019-05-14
DCDS,38012.98,2019-05-15
VCBFBCF,18551.01,2019-05-15
DCDS,38380.44,2019-05-16
DCDS,38276.69,2019-05-17
DCDS,38257.91,2019-05-20
DCDS,38728.32,2019-05-21
DCDS,38738.11,2019-05-22
VCBFBCF,18635.79,2019-05-22
DCDS,38713.33,2019-05-23
DCDS,38823.7,2019-05-24
DCDS,38474.89,2019-05-27
DCDS,38468.84,2019-05-28
DCDS,38469.09,2019-05-29
VCBFBCF,18617.1,2019-05-29
DCDS,38359.68,2019-05-30
DCDS,38290.07,2019-05-31
VCBFBCF,18217.92,2019-05-31
DCDS,37916.36,2019-06-01
DCDS,37915.71,2019-06-03
DCDS,37423.27,2019-06-04
DCDS,37584.27,2019-06-05
VCBFBCF,17896.41,2019-06-05
DCDS,37628.82,2019-06-06
DCDS,37538.9,2019-06-07
DCDS,37962.01,2019-06-10
DCDS,38040.69,2019-06-11
DCDS,38105.08,2019-06-12
VCBFBCF,18181.65,2019-06-12
DCDS,37907.27,2019-06-13
DCDS,37702.0,2019-06-14
DCDS,37789.53,2019-06-17
DCDS,37518.34,2019-06-18
DCDS,37513.38,2019-06-19
VCBFBCF,17746.25,2019-06-19
DCDS,37727.7,2019-06-20
DCDS,38147.37,2019-06-21
DCDS,38196.98,2019-06-24
DCDS,38195.74,2019-06-25
DCDS,38125.36,2019-06-26
VCBFBCF,17934.03,2019-06-26
DCDS,38087.29,2019-06-27
DCDS,37633.45,2019-06-28
VCBFBCF,18023.79,2019-06-30
DCDS,38001.51,2019-07-01
DCDS,38422.02,2019-07-02
DCDS,38354.51,2019-07-03
VCBFBCF,18121.21,2019-07-03
DCDS,38246.57,2019-07-04
DCDS,38596.87,2019-07-05
DCDS,38634.9,2019-07-08
DCDS,38275.33,2019-07-09
DCDS,38464.04,2019-07-10
VCBFBCF,18260.59,2019-07-10
DCDS,38580.87,2019-07-11
DCDS,38741.2,2019-07-12
DCDS,38709.55,2019-07-15
DCDS,38816.63,2019-07-16
DCDS,39111.36,2019-07-17
VCBFBCF,18422.92,2019-07-17
DCDS,39136.8,2019-07-18
DCDS,39099.56,2019-07-19
DCDS,39433.34,2019-07-22
DCDS,39606.97,2019-07-23
DCDS,39890.68,2019-07-24
VCBFBCF,18659.5,2019-07-24
DCDS,39698.94,2019-07-25
DCDS,39885.03,2019-07-26
DCDS,39860.22,2019-07-29
DCDS,39905.69,2019-07-30
DCDS,39411.69,2019-07-31
VCBFBCF,18179.41,2019-07-31
VCBFBCF,18363.64,2019-07-31
DCDS,39771.45,2019-08-01
DCDS,40065.49,2019-08-02
DCDS,40033.41,2019-08-05
DCDS,39729.93,2019-08-06
DCDS,39589.05,2019-08-07
VCBFBCF,17998.75,2019-08-07
DCDS,39785.1,2019-08-08
DCDS,39953.88,2019-08-09
DCDS,40064.82,2019-08-12
DCDS,40259.1,2019-08-13
DCDS,40123.24,2019-08-14
VCBFBCF,18578.84,2019-08-14
DCDS,40167.52,2019-08-15
DCDS,40509.05,2019-08-16
DCDS,40440.77,2019-08-19
DCDS,40507.79,2019-08-20
DCDS,40811.96,2019-08-21
VCBFBCF,18882.19,2019-08-21
DCDS,41041.2,2019-08-22
DCDS,40926.72,2019-08-23
DCDS,40818.72,2019-08-26
DCDS,40654.58,2019-08-27
DCDS,40386.12,2019-08-28
VCBFBCF,18619.79,2019-08-28
DCDS,40277.82,2019-08-29
DCDS,40419.23,2019-08-30
VCBFBCF,18698.2,2019-08-31
DCDS,40570.26,2019-09-01
DCDS,40568.93,2019-09-03
DCDS,40332.15,2019-09-04
VCBFBCF,18615.44,2019-09-04
DCDS,40336.43,2019-09-05
DCDS,40175.31,2019-09-06
DCDS,40122.3,2019-09-09
DCDS,40003.62,2019-09-10
DCDS,39731.68,2019-09-11
VCBFBCF,18289.84,2019-09-11
DCDS,39870.88,2019-09-12
DCDS,40286.62,2019-09-13
DCDS,40877.4,2019-09-16
DCDS,41095.67,2019-09-17
DCDS,41309.64,2019-09-18
VCBFBCF,18873.96,2019-09-18
DCDS,41216.85,2019-09-19
DCDS,41450.22,2019-09-20
DCDS,41340.85,2019-09-23
DCDS,41015.01,2019-09-24
DCDS,40994.2,2019-09-25
VCBFBCF,18957.58,2019-09-25
DCDS,41171.17,2019-09-26
DCDS,41321.76,2019-09-27
DCDS,41637.65,2019-09-30
VCBFBCF,19088.59,2019-09-30
DCDS,41447.91,2019-10-01
DCDS,41675.79,2019-10-02
VCBFBCF,19116.04,2019-10-02
DCDS,41391.0,2019-10-03
DCDS,41450.97,2019-10-04
DCDS,41171.16,2019-10-07
DCDS,40813.61,2019-10-08
DCDS,41106.14,2019-10-09
VCBFBCF,18889.12,2019-10-09
DCDS,41156.04,2019-10-10
DCDS,41190.88,2019-10-11
DCDS,41260.08,2019-10-14
DCDS,41445.39,2019-10-15
DCDS,41466.18,2019-10-16
VCBFBCF,19053.12,2019-10-16
DCDS,41520.9,2019-10-17
DCDS,41348.35,2019-10-18
DCDS,41346.19,2019-10-21
DCDS,41096.18,2019-10-22
DCDS,41253.0,2019-10-23
VCBFBCF,18883.19,2019-10-23
DCDS,41284.19,2019-10-24
DCDS,41736.73,2019-10-25
DCDS,41821.2,2019-10-28
DCDS,41822.9,2019-10-29
DCDS,41693.83,2019-10-30
VCBFBCF,19109.41,2019-10-30
DCDS,41696.79,2019-10-31
VCBFBCF,19040.54,2019-10-31
DCDS,41652.06,2019-11-01
DCDS,42018.45,2019-11-04
DCDS,42457.29,2019-11-05
DCDS,42482.5,2019-11-06
VCBFBCF,19253.4,2019-11-06
DCDS,42482.78,2019-11-07
DCDS,42537.25,2019-11-08
DCDS,42469.08,2019-11-11
DCDS,42280.6,2019-11-12
DCDS,42361.57,2019-11-13
VCBFBCF,19262.07,2019-11-13
DCDS,42133.43,2019-11-14
DCDS,41834.88,2019-11-15
DCDS,41836.13,2019-11-18
DCDS,41510.34,2019-11-19
DCDS,41820.02,2019-11-20
VCBFBCF,19030.75,2019-11-20
DCDS,41524.38,2019-11-21
DCDS,41048.53,2019-11-22
DCDS,40634.89,2019-11-25
DCDS,40606.14,2019-11-26
DCDS,40756.71,2019-11-27
VCBFBCF,18662.48,2019-11-27
DCDS,40760.02,2019-11-28
DCDS,40279.89,2019-11-29
VCBFBCF,18409.81,2019-11-30
DCDS,40319.66,2019-12-01
DCDS,40318.7,2019-12-02
DCDS,39782.44,2019-12-03
DCDS,39660.26,2019-12-04
VCBFBCF,18147.18,2019-12-04
DCDS,40266.69,2019-12-05
DCDS,40057.68,2019-12-06
DCDS,40075.07,2019-12-09
DCDS,40112.66,2019-12-10
DCDS,40006.63,2019-12-11
VCBFBCF,18361.73,2019-12-11
DCDS,40237.39,2019-12-12
DCDS,40475.31,2019-12-13
DCDS,40489.24,2019-12-16
DCDS,40466.69,2019-12-17
DCDS,40109.75,2019-12-18
VCBFBCF,18301.83,2019-12-18
DCDS,39930.29,2019-12-19
DCDS,40001.51,2019-12-20
DCDS,40202.71,2019-12-23
DCDS,40383.69,2019-12-24
DCDS,40386.48,2019-12-25
VCBFBCF,18213.27,2019-12-25
DCDS,40623.84,2019-12-26
DCDS,40532.94,2019-12-27
DCDS,40746.54,2019-12-30
DCDS,40895.76,2019-12-31
VCBFBCF,18295.22,2019-12-31
DCDS,40750.14,2020-01-01
DCDS,40749.71,2020-01-02
VCBFBCF,18294.12,2020-01-02
DCDS,41030.86,2020-01-03
DCDS,51858.31,2020-01-04
DCDS,52429.64,2020-01-05
DCDS,40870.29,2020-01-06
DCDS,40467.56,2020-01-07
DCDS,40692.84,2020-01-08
VCBFBCF,18353.8,2020-01-08
DCDS,40209.64,2020-01-09
DCDS,40703.68,2020-01-10
DCDS,40982.55,2020-01-13
DCDS,40848.37,2020-01-14
DCDS,40948.61,2020-01-15
VCBFBCF,18399.89,2020-01-15
DCDS,40956.77,2020-01-16
DCDS,41298.5,2020-01-17
DCDS,41442.16,2020-01-20
DCDS,41738.34,2020-01-21
DCDS,41888.9,2020-01-22
VCBFBCF,18740.35,2020-01-22
DCDS,42117.82,2020-01-30
VCBFBCF,18811.65,2020-01-30
DCDS,40901.7,2020-01-31
VCBFBCF,17719.27,2020-01-31
DCDS,39955.12,2020-02-01
DCDS,39954.12,2020-02-03
DCDS,39676.46,2020-02-04
DCDS,39793.12,2020-02-05
VCBFBCF,17402.03,2020-02-05
DCDS,39779.92,2020-02-06
DCDS,40407.53,2020-02-07
DCDS,40307.46,2020-02-10
DCDS,39804.46,2020-02-11
DCDS,40028.66,2020-02-12
VCBFBCF,17608.35,2020-02-12
DCDS,40425.4,2020-02-13
DCDS,40426.99,2020-02-14
DCDS,40468.01,2020-02-17
DCDS,40454.49,2020-02-18
DCDS,40607.53,2020-02-19
VCBFBCF,17951.5,2020-02-19
DCDS,40741.26,2020-02-20
DCDS,40952.86,2020-02-21
DCDS,40661.05,2020-02-24
DCDS,39292.75,2020-02-25
DCDS,39817.19,2020-02-26
VCBFBCF,17539.79,2020-02-26
DCDS,39511.28,2020-02-27
DCDS,39829.38,2020-02-28
VCBFBCF,17334.07,2020-02-29
DCDS,39231.04,2020-03-01
DCDS,39230.4,2020-03-02
DCDS,39342.68,2020-03-03
DCDS,39618.2,2020-03-04
VCBFBCF,17553.8,2020-03-04
DCDS,39515.79,2020-03-05
DCDS,39522.26,2020-03-06
DCDS,39333.57,2020-03-09
DCDS,37063.91,2020-03-10
DCDS,37168.84,2020-03-11
VCBFBCF,16487.64,2020-03-11
DCDS,35956.56,2020-03-12
DCDS,34154.75,2020-03-13
DCDS,33816.57,2020-03-16
DCDS,32986.94,2020-03-17
DCDS,33193.31,2020-03-18
VCBFBCF,14746.27,2020-03-18
DCDS,33299.35,2020-03-19
DCDS,32555.57,2020-03-20
DCDS,32237.23,2020-03-23
DCDS,30578.52,2020-03-24
DCDS,30381.69,2020-03-25
VCBFBCF,13508.7,2020-03-25
DCDS,31416.3,2020-03-26
DCDS,31139.19,2020-03-27
DCDS,30824.98,2020-03-30
DCDS,29779.52,2020-03-31
VCBFBCF,13070.46,2020-03-31
DCDS,29764.94,2020-04-01
DCDS,30470.51,2020-04-03
DCDS,31303.93,2020-04-06
DCDS,32622.84,2020-04-07
DCDS,33052.65,2020-04-08
VCBFBCF,14422.31,2020-04-08
DCDS,33046.54,2020-04-09
DCDS,33305.29,2020-04-10
DCDS,33097.37,2020-04-13
DCDS,33435.83,2020-04-14
DCDS,33641.76,2020-04-15
VCBFBCF,14702.45,2020-04-15
DCDS,34103.52,2020-04-16
DCDS,34185.6,2020-04-17
DCDS,34685.57,2020-04-20
DCDS,34927.11,2020-04-21
DCDS,33786.57,2020-04-22
VCBFBCF,14752.6,2020-04-22
DCDS,34224.95,2020-04-23
DCDS,34342.14,2020-04-24
DCDS,34429.33,2020-04-27
DCDS,34349.0,2020-04-28
DCDS,34241.51,2020-04-29
VCBFBCF,15069.24,2020-04-29
VCBFBCF,15138.19,2020-04-30
DCDS,34371.99,2020-05-01
DCDS,34371.79,2020-05-04
DCDS,34029.55,2020-05-05
DCDS,34154.47,2020-05-06
VCBFBCF,15040.17,2020-05-06
DCDS,34756.97,2020-05-07
DCDS,35274.91,2020-05-08
DCDS,35761.53,2020-05-11
DCDS,36291.34,2020-05-12
DCDS,36551.91,2020-05-13
VCBFBCF,15754.84,2020-05-13
DCDS,36774.76,2020-05-14
DCDS,36501.17,2020-05-15
DCDS,36216.27,2020-05-18
DCDS,36825.41,2020-05-19
DCDS,37286.6,2020-05-20
VCBFBCF,15913.91,2020-05-20
DCDS,37428.78,2020-05-21
DCDS,37682.07,2020-05-22
DCDS,37319.04,2020-05-25
DCDS,37770.66,2020-05-26
DCDS,38275.8,2020-05-27
VCBFBCF,16187.99,2020-05-27
DCDS,37552.51,2020-05-28
DCDS,37754.58,2020-05-29
VCBFBCF,15982.15,2020-05-31
DCDS,37922.07,2020-06-01
DCDS,38680.07,2020-06-02
DCDS,38329.14,2020-06-03
VCBFBCF,16161.56,2020-06-03
DCDS,38782.59,2020-06-04
DCDS,38826.46,2020-06-05
DCDS,39019.58,2020-06-08
DCDS,39638.4,2020-06-09
DCDS,39424.39,2020-06-10
VCBFBCF,16567.34,2020-06-10
DCDS,39519.35,2020-06-11
DCDS,37920.83,2020-06-12
DCDS,38023.05,2020-06-15
DCDS,36687.44,2020-06-16
DCDS,37566.0,2020-06-17
VCBFBCF,16056.62,2020-06-17
DCDS,37501.8,2020-06-18
DCDS,37643.46,2020-06-19
DCDS,38097.85,2020-06-22
DCDS,38210.69,2020-06-23
DCDS,38084.7,2020-06-24
VCBFBCF,16258.72,2020-06-24
DCDS,37750.18,2020-06-25
DCDS,37565.21,2020-06-26
DCDS,37512.88,2020-06-29
DCDS,36617.64,2020-06-30
DCDS,36401.9,2020-07-01
VCBFBCF,15864.72,2020-07-01
DCDS,37145.43,2020-07-02
DCDS,37167.51,2020-07-02
DCDS,37183.05,2020-07-06
DCDS,37631.18,2020-07-07
DCDS,37803.79,2020-07-08
VCBFBCF,16248.24,2020-07-08
DCDS,37866.39,2020-07-09
DCDS,38353.77,2020-07-10
DCDS,38089.46,2020-07-13
DCDS,38046.41,2020-07-14
DCDS,38115.31,2020-07-15
VCBFBCF,16311.0,2020-07-15
DCDS,38286.14,2020-07-16
DCDS,38462.82,2020-07-17
DCDS,38424.85,2020-07-20
DCDS,38120.65,2020-07-21
DCDS,38229.39,2020-07-22
VCBFBCF,16317.1,2020-07-22
DCDS,37972.2,2020-07-23
DCDS,38101.98,2020-07-24
DCDS,36892.89,2020-07-27
DCDS,35084.76,2020-07-28
DCDS,36363.44,2020-07-29
VCBFBCF,15710.92,2020-07-29
DCDS,35569.99,2020-07-30
DCDS,35961.48,2020-07-31
VCBFBCF,15530.25,2020-07-31
DCDS,35644.49,2020-08-01
DCDS,35642.94,2020-08-03
DCDS,36515.14,2020-08-04
DCDS,37037.24,2020-08-05
VCBFBCF,15944.95,2020-08-05
DCDS,37614.27,2020-08-06
DCDS,37639.24,2020-08-07
DCDS,37721.81,2020-08-10
DCDS,37821.16,2020-08-11
DCDS,37886.21,2020-08-12
VCBFBCF,16202.16,2020-08-12
DCDS,38017.63,2020-08-13
DCDS,38434.95,2020-08-14
DCDS,38308.54,2020-08-17
DCDS,38332.42,2020-08-18
DCDS,38180.23,2020-08-19
VCBFBCF,16457.02,2020-08-19
DCDS,38420.05,2020-08-20
DCDS,38401.63,2020-08-21
DCDS,38756.29,2020-08-24
DCDS,39249.47,2020-08-25
DCDS,39472.13,2020-08-26
VCBFBCF,16966.14,2020-08-26
DCDS,39384.93,2020-08-27
DCDS,39602.78,2020-08-28
DCDS,39806.96,2020-08-31
VCBFBCF,17097.0,2020-08-31
DCDS,39654.14,2020-09-01
DCDS,39949.55,2020-09-03
VCBFBCF,17196.79,2020-09-03
DCDS,40289.87,2020-09-04
DCDS,40220.79,2020-09-07
DCDS,39533.22,2020-09-08
DCDS,39764.91,2020-09-09
VCBFBCF,17085.61,2020-09-09
DCDS,39799.33,2020-09-10
DCDS,39847.54,2020-09-11
DCDS,39824.51,2020-09-14
DCDS,40001.34,2020-09-15
DCDS,40096.45,2020-09-16
VCBFBCF,17298.24,2020-09-16
DCDS,40183.05,2020-09-17
DCDS,40103.79,2020-09-18
DCDS,40440.71,2020-09-21
DCDS,40658.04,2020-09-22
DCDS,40682.15,2020-09-23
VCBFBCF,17632.41,2020-09-23
DCDS,41033.73,2020-09-24
DCDS,40867.79,2020-09-25
DCDS,40836.14,2020-09-28
DCDS,41111.16,2020-09-29
DCDS,40794.46,2020-09-30
VCBFBCF,17682.3,2020-09-30
VCBFBCF,17764.46,2020-09-30
DCDS,40900.53,2020-10-01
DCDS,41243.6,2020-10-02
DCDS,41019.09,2020-10-05
DCDS,41353.83,2020-10-06
DCDS,41567.98,2020-10-07
VCBFBCF,18070.86,2020-10-07
DCDS,41559.06,2020-10-08
DCDS,41566.05,2020-10-09
DCDS,41602.9,2020-10-12
DCDS,41527.41,2020-10-13
DCDS,41561.0,2020-10-14
VCBFBCF,18008.02,2020-10-14
DCDS,42026.92,2020-10-15
DCDS,42133.78,2020-10-16
DCDS,42390.95,2020-10-19
DCDS,42431.03,2020-10-20
DCDS,42602.84,2020-10-21
VCBFBCF,18337.89,2020-10-21
DCDS,42370.28,2020-10-22
DCDS,42825.51,2020-10-23
DCDS,43260.57,2020-10-26
DCDS,42892.6,2020-10-27
DCDS,42717.71,2020-10-28
VCBFBCF,18220.36,2020-10-28
DCDS,41632.81,2020-10-29
DCDS,41509.84,2020-10-30
VCBFBCF,17984.23,2020-10-31
DCDS,41763.13,2020-11-02
DCDS,41763.13,2020-11-02
DCDS,42207.23,2020-11-03
DCDS,42207.23,2020-11-03
DCDS,42422.26,2020-11-04
DCDS,42422.26,2020-11-04
VCBFBCF,18203.83,2020-11-04
DCDS,42557.89,2020-11-05
DCDS,42806.45,2020-11-05
DCDS,42557.89,2020-11-06
DCDS,42614.43,2020-11-08
DCDS,43284.23,2020-11-09
DCDS,42614.43,2020-11-09
DCDS,43255.07,2020-11-10
DCDS,43284.23,2020-11-10
DCDS,43374.63,2020-11-11
DCDS,43255.07,2020-11-11
VCBFBCF,18534.68,2020-11-11
DCDS,43815.31,2020-11-12
DCDS,43374.63,2020-11-12
DCDS,44272.54,2020-11-15
DCDS,43979.4,2020-11-16
DCDS,44802.48,2020-11-17
DCDS,45102.37,2020-11-18
VCBFBCF,19067.59,2020-11-18
DCDS,45670.87,2020-11-19
DCDS,46021.75,2020-11-22
DCDS,46424.68,2020-11-23
DCDS,46303.44,2020-11-24
DCDS,46218.1,2020-11-25
VCBFBCF,19514.99,2020-11-25
DCDS,46286.34,2020-11-26
DCDS,46707.04,2020-11-29
DCDS,46539.94,2020-11-30
VCBFBCF,19662.01,2020-11-30
DCDS,46753.86,2020-12-01
DCDS,47080.63,2020-12-02
VCBFBCF,19767.14,2020-12-02
DCDS,47636.92,2020-12-03
DCDS,47672.46,2020-12-06
DCDS,47883.07,2020-12-07
DCDS,47889.22,2020-12-08
DCDS,48279.98,2020-12-09
VCBFBCF,20196.77,2020-12-09
DCDS,47645.08,2020-12-10
DCDS,48204.46,2020-12-13
DCDS,48906.84,2020-12-14
DCDS,49674.01,2020-12-16
VCBFBCF,20477.86,2020-12-16
DCDS,49205.44,2020-12-17
DCDS,49908.91,2020-12-20
DCDS,50247.84,2020-12-21
DCDS,50641.88,2020-12-22
DCDS,50200.57,2020-12-23
VCBFBCF,20908.87,2020-12-23
DCDS,49569.28,2020-12-24
DCDS,50394.82,2020-12-27
DCDS,50480.11,2020-12-28
DCDS,50636.23,2020-12-29
DCDS,50539.17,2020-12-30
VCBFBCF,21228.41,2020-12-30
VCBFBCF,21350.65,2020-12-31
DCDS,52856.94,2021-01-06
VCBFBCF,22054.1,2021-01-06
DCDS,53401.91,2021-01-07
DCDS,53892.11,2021-01-10
DCDS,54590.58,2021-01-11
DCDS,54973.39,2021-01-12
DCDS,54736.45,2021-01-13
VCBFBCF,23116.37,2021-01-13
DCDS,54736.45,2021-01-14
DCDS,54854.06,2021-01-15
DCDS,55310.58,2021-01-17
DCDS,55045.93,2021-01-18
DCDS,52675.76,2021-01-19
VCBFBCF,21768.04,2021-01-20
DCDS,54390.63,2021-01-21
DCDS,54733.58,2021-01-24
DCDS,54968.63,2021-01-25
DCDS,53980.24,2021-01-26
DCDS,52161.27,2021-01-27
VCBFBCF,22095.74,2021-01-27
DCDS,48674.83,2021-01-28
DCDS,50529.58,2021-01-31
VCBFBCF,20829.56,2021-01-31
DCDS,49302.93,2021-02-01
DCDS,50877.9,2021-02-02
DCDS,52399.17,2021-02-03
VCBFBCF,20936.41,2021-02-03
DCDS,52686.57,2021-02-04
DCDS,53357.25,2021-02-07
DCDS,51781.63,2021-02-08
VCBFBCF,21998.74,2021-02-10
DCDS,52904.89,2021-02-16
DCDS,54811.59,2021-02-17
VCBFBCF,21989.74,2021-02-17
DCDS,55441.56,2021-02-18
DCDS,55213.99,2021-02-21
DCDS,55154.69,2021-02-22
DCDS,54660.33,2021-02-24
VCBFBCF,23196.19,2021-02-24
DCDS,54949.67,2021-02-25
DCDS,55241.34,2021-02-28
VCBFBCF,23265.5,2021-02-28
DCDS,55978.08,2021-03-01
DCDS,56079.72,2021-03-02
DCDS,56311.19,2021-03-03
VCBFBCF,23624.22,2021-03-03
DCDS,55407.1,2021-03-04
DCDS,55400.64,2021-03-07
DCDS,55432.11,2021-03-08
DCDS,55168.67,2021-03-09
DCDS,55570.51,2021-03-10
VCBFBCF,23315.25,2021-03-10
DCDS,56292.92,2021-03-11
DCDS,56315.47,2021-03-15
DCDS,56251.11,2021-03-16
DCDS,56432.96,2021-03-17
VCBFBCF,23874.27,2021-03-17
DCDS,56933.46,2021-03-18
DCDS,56662.59,2021-03-21
DCDS,55918.89,2021-03-23
DCDS,54882.94,2021-03-24
VCBFBCF,23842.7,2021-03-24
DCDS,54772.87,2021-03-25
DCDS,54882.9,2021-03-28
DCDS,55275.64,2021-03-29
DCDS,55857.15,2021-03-31
VCBFBCF,23512.01,2021-03-31
VCBFBCF,23629.82,2021-03-31
DCDS,56927.47,2021-04-01
DCDS,57324.6,2021-04-04
DCDS,57613.77,2021-04-05
DCDS,57810.02,2021-04-07
VCBFBCF,24494.19,2021-04-07
DCDS,57597.32,2021-04-08
DCDS,57563.41,2021-04-11
DCDS,58331.34,2021-04-12
DCDS,57634.66,2021-04-13
DCDS,58529.81,2021-04-14
VCBFBCF,24368.86,2021-04-14
DCDS,58287.81,2021-04-15
DCDS,58012.97,2021-04-18
DCDS,59297.25,2021-04-19
DCDS,59297.25,2021-04-20
DCDS,59352.09,2021-04-21
DCDS,59352.09,2021-04-22
VCBFBCF,24644.68,2021-04-22
DCDS,58996.84,2021-04-25
DCDS,58203.18,2021-04-27
DCDS,58558.61,2021-04-28
VCBFBCF,23811.58,2021-04-28
VCBFBCF,24148.0,2021-04-30
DCDS,59894.95,2021-05-04
VCBFBCF,24234.95,2021-05-05
DCDS,60463.09,2021-05-06
DCDS,60554.5,2021-05-09
DCDS,61396.61,2021-05-10
DCDS,61186.44,2021-05-11
DCDS,62202.05,2021-05-12
VCBFBCF,24736.79,2021-05-12
DCDS,61782.44,2021-05-13
DCDS,61515.33,2021-05-17
DCDS,61892.19,2021-05-18
DCDS,62849.2,2021-05-19
VCBFBCF,24764.7,2021-05-19
DCDS,63649.4,2021-05-20
DCDS,63471.88,2021-05-23
DCDS,63709.92,2021-05-24
DCDS,64449.54,2021-05-25
DCDS,64717.82,2021-05-26
VCBFBCF,26168.25,2021-05-26
DCDS,64035.96,2021-05-27
DCDS,65017.68,2021-05-30
DCDS,66307.95,2021-05-31
VCBFBCF,26768.05,2021-05-31
DCDS,66788.56,2021-06-01
DCDS,66856.37,2021-06-02
VCBFBCF,27094.0,2021-06-02
DCDS,67796.19,2021-06-03
DCDS,68031.12,2021-06-06
DCDS,66807.47,2021-06-07
DCDS,64629.9,2021-06-08
DCDS,65418.51,2021-06-09
VCBFBCF,26452.14,2021-06-09
DCDS,65453.08,2021-06-10
DCDS,66982.99,2021-06-13
DCDS,67410.89,2021-06-14
DCDS,67285.83,2021-06-15
DCDS,66477.72,2021-06-16
VCBFBCF,27602.88,2021-06-16
DCDS,66705.5,2021-06-17
DCDS,67549.75,2021-06-20
DCDS,67447.16,2021-06-21
DCDS,67682.77,2021-06-22
DCDS,67625.14,2021-06-23
VCBFBCF,28066.66,2021-06-23
DCDS,67410.66,2021-06-24
DCDS,67965.32,2021-06-27
DCDS,69121.09,2021-06-28
DCDS,69129.1,2021-06-29
DCDS,69108.95,2021-06-30
VCBFBCF,28351.1,2021-06-30
VCBFBCF,28300.25,2021-06-30
DCDS,70004.92,2021-07-01
DCDS,70485.91,2021-07-04
DCDS,70907.25,2021-07-05
DCDS,67634.45,2021-07-06
DCDS,69283.88,2021-07-07
VCBFBCF,27136.34,2021-07-07
DCDS,68674.4,2021-07-08
DCDS,67631.03,2021-07-11
DCDS,65212.77,2021-07-12
DCDS,65466.55,2021-07-13
DCDS,64237.57,2021-07-14
VCBFBCF,26707.64,2021-07-14
DCDS,65502.06,2021-07-15
DCDS,65905.57,2021-07-18
DCDS,63302.94,2021-07-19
DCDS,65161.97,2021-07-20
DCDS,65154.01,2021-07-21
VCBFBCF,26363.7,2021-07-21
DCDS,66070.83,2021-07-22
DCDS,64985.34,2021-07-25
DCDS,65164.93,2021-07-26
DCDS,65689.48,2021-07-27
DCDS,65727.14,2021-07-28
VCBFBCF,26695.52,2021-07-28
DCDS,66871.57,2021-07-29
DCDS,67860.15,2021-08-01
DCDS,68269.28,2021-08-02
DCDS,69074.75,2021-08-03
DCDS,69287.12,2021-08-04
VCBFBCF,27623.13,2021-08-04
DCDS,70312.75,2021-08-05
DCDS,70000.39,2021-08-08
DCDS,71304.98,2021-08-09
DCDS,71465.27,2021-08-10
DCDS,71316.18,2021-08-11
VCBFBCF,28164.98,2021-08-11
DCDS,70679.93,2021-08-12
DCDS,71102.64,2021-08-15
DCDS,72219.27,2021-08-16
DCDS,72226.38,2021-08-17
DCDS,72170.0,2021-08-18
VCBFBCF,28088.18,2021-08-18
DCDS,72535.61,2021-08-19
DCDS,70453.09,2021-08-22
DCDS,68839.0,2021-08-23
DCDS,68709.87,2021-08-24
DCDS,69431.92,2021-08-25
VCBFBCF,26809.77,2021-08-25
DCDS,69126.8,2021-08-26
DCDS,69538.42,2021-08-29
DCDS,70619.91,2021-08-30
DCDS,70752.96,2021-08-31
VCBFBCF,27514.01,2021-09-01
DCDS,71068.62,2021-09-05
DCDS,72090.64,2021-09-06
DCDS,71955.84,2021-09-07
DCDS,71882.43,2021-09-08
VCBFBCF,27706.36,2021-09-08
DCDS,72802.97,2021-09-09
DCDS,72601.08,2021-09-12
DCDS,72261.06,2021-09-13
DCDS,71917.89,2021-09-14
DCDS,72753.33,2021-09-15
VCBFBCF,27813.6,2021-09-15
DCDS,72878.34,2021-09-16
DCDS,73602.8,2021-09-19
DCDS,73103.74,2021-09-20
DCDS,73026.54,2021-09-21
DCDS,73418.07,2021-09-22
VCBFBCF,28007.69,2021-09-22
DCDS,73295.12,2021-09-23
DCDS,72908.62,2021-09-26
DCDS,71375.18,2021-09-27
DCDS,72584.47,2021-09-28
DCDS,72703.77,2021-09-29
VCBFBCF,28280.67,2021-09-29
DCDS,72792.01,2021-09-30
DCDS,72379.84,2021-10-03
DCDS,73140.84,2021-10-04
DCDS,73734.96,2021-10-05
DCDS,74262.8,2021-10-06
VCBFBCF,28628.98,2021-10-06
DCDS,74618.45,2021-10-07
DCDS,74836.99,2021-10-10
DCDS,75900.37,2021-10-11
DCDS,76065.31,2021-10-12
DCDS,76050.66,2021-10-13
VCBFBCF,29553.56,2021-10-13
DCDS,76190.3,2021-10-14
DCDS,76773.03,2021-10-17
DCDS,77192.28,2021-10-18
DCDS,77074.01,2021-10-19
DCDS,77149.95,2021-10-20
VCBFBCF,29424.26,2021-10-20
DCDS,77202.54,2021-10-21
DCDS,77015.96,2021-10-24
DCDS,75712.38,2021-10-25
DCDS,76621.54,2021-10-26
DCDS,78002.34,2021-10-27
VCBFBCF,29316.97,2021-10-27
DCDS,78567.96,2021-10-28
DCDS,78334.49,2021-10-31
DCDS,77831.07,2021-11-01
DCDS,78204.2,2021-11-02
DCDS,77795.49,2021-11-03
VCBFBCF,30040.71,2021-11-03
DCDS,78503.99,2021-11-04
DCDS,79013.47,2021-11-07
DCDS,79335.29,2021-11-08
DCDS,79260.06,2021-11-09
DCDS,79041.39,2021-11-10
VCBFBCF,30236.35,2021-11-10
DCDS,78535.06,2021-11-11
DCDS,79081.33,2021-11-14
DCDS,79126.41,2021-11-15
DCDS,78575.54,2021-11-16
DCDS,78857.87,2021-11-17
VCBFBCF,30231.33,2021-11-17
DCDS,78534.43,2021-11-18
DCDS,77437.67,2021-11-21
DCDS,77282.96,2021-11-22
DCDS,78638.16,2021-11-23
DCDS,79860.7,2021-11-24
VCBFBCF,29905.4,2021-11-24
DCDS,80499.98,2021-11-25
DCDS,79689.45,2021-11-28
DCDS,78922.61,2021-11-29
DCDS,78721.73,2021-11-30
DCDS,79121.99,2021-12-01
VCBFBCF,29783.15,2021-12-01
DCDS,78542.28,2021-12-02
DCDS,76329.17,2021-12-05
DCDS,74624.76,2021-12-06
DCDS,76092.6,2021-12-07
DCDS,76491.84,2021-12-08
VCBFBCF,29097.09,2021-12-08
DCDS,77428.9,2021-12-09
DCDS,77443.03,2021-12-12
DCDS,77839.72,2021-12-13
DCDS,77807.58,2021-12-14
DCDS,77731.81,2021-12-15
VCBFBCF,29426.24,2021-12-15
DCDS,77356.38,2021-12-16
DCDS,77678.33,2021-12-19
DCDS,77853.49,2021-12-20
DCDS,78065.47,2021-12-21
DCDS,77659.79,2021-12-22
VCBFBCF,29226.82,2021-12-22
DCDS,76246.02,2021-12-23
DCDS,77427.81,2021-12-26
DCDS,77560.32,2021-12-27
DCDS,77846.91,2021-12-28
DCDS,77513.24,2021-12-29
VCBFBCF,29233.93,2021-12-29
DCDS,78132.88,2021-12-30
DCDS,78539.15,2022-01-03
DCDS,79492.4,2022-01-04
DCDS,79243.26,2022-01-05
VCBFBCF,29771.08,2022-01-05
DCDS,78936.9,2022-01-06
DCDS,78541.78,2022-01-09
DCDS,76997.11,2022-01-10
DCDS,76065.25,2022-01-11
DCDS,77327.34,2022-01-12
VCBFBCF,29041.39,2022-01-12
DCDS,76631.93,2022-01-13
DCDS,76306.32,2022-01-16
DCDS,73351.62,2022-01-17
DCDS,72729.95,2022-01-18
DCDS,73636.59,2022-01-19
VCBFBCF,28907.2,2022-01-19
DCDS,74545.07,2022-01-20
DCDS,74807.46,2022-01-23
DCDS,72858.48,2022-01-24
DCDS,74640.75,2022-01-25
DCDS,74974.44,2022-01-26
VCBFBCF,29414.95,2022-01-26
DCDS,74400.27,2022-01-27
DCDS,75228.2,2022-02-06
DCDS,75781.45,2022-02-07
VCBFBCF,29775.55,2022-02-07
DCDS,76498.48,2022-02-08
DCDS,76834.33,2022-02-09
VCBFBCF,30239.07,2022-02-09
DCDS,76886.12,2022-02-10
DCDS,76903.24,2022-02-13
DCDS,75244.14,2022-02-14
DCDS,76087.64,2022-02-15
DCDS,76210.42,2022-02-16
VCBFBCF,30118.88,2022-02-16
DCDS,77011.61,2022-02-17
DCDS,77099.53,2022-02-20
DCDS,77286.07,2022-02-21
DCDS,77161.0,2022-02-22
DCDS,77694.83,2022-02-23
VCBFBCF,30516.06,2022-02-23
DCDS,77094.54,2022-02-24
DCDS,77094.54,2022-02-25
DCDS,77616.18,2022-02-27
DCDS,77569.67,2022-02-28
DCDS,77714.94,2022-03-01
DCDS,76728.44,2022-03-02
VCBFBCF,30455.51,2022-03-02
DCDS,77831.24,2022-03-03
DCDS,78002.28,2022-03-06
DCDS,77395.3,2022-03-07
DCDS,76002.21,2022-03-08
DCDS,76142.19,2022-03-09
VCBFBCF,29833.42,2022-03-09
DCDS,76605.87,2022-03-10
DCDS,76196.22,2022-03-13
DCDS,75281.81,2022-03-14
DCDS,75601.18,2022-03-15
DCDS,76034.0,2022-03-16
VCBFBCF,29502.4,2022-03-16
DCDS,76075.67,2022-03-17
DCDS,76352.3,2022-03-20
DCDS,77312.58,2022-03-21
DCDS,77826.5,2022-03-22
DCDS,77777.19,2022-03-23
VCBFBCF,30444.64,2022-03-23
DCDS,77685.58,2022-03-24
DCDS,77973.06,2022-03-27
DCDS,77630.94,2022-03-28
DCDS,78351.87,2022-03-29
DCDS,77705.01,2022-03-30
VCBFBCF,31102.11,2022-03-30
DCDS,77555.66,2022-03-31
DCDS,78985.26,2022-04-03
DCDS,78874.01,2022-04-04
DCDS,78605.79,2022-04-05
DCDS,78994.11,2022-04-06
VCBFBCF,31723.28,2022-04-06
DCDS,77796.39,2022-04-07
DCDS,76459.57,2022-04-11
DCDS,75232.21,2022-04-12
DCDS,76640.54,2022-04-13
VCBFBCF,30760.6,2022-04-13
DCDS,76393.61,2022-04-14
DCDS,75470.27,2022-04-17
DCDS,73801.39,2022-04-18
DCDS,72120.23,2022-04-19
DCDS,71138.37,2022-04-20
VCBFBCF,30741.31,2022-04-20
DCDS,70633.42,2022-04-21
DCDS,70452.08,2022-04-24
DCDS,66677.23,2022-04-25
DCDS,67957.56,2022-04-26
DCDS,68608.23,2022-04-27
VCBFBCF,29005.84,2022-04-27
DCDS,68602.13,2022-04-28
DCDS,69739.8,2022-05-03
DCDS,68562.18,2022-05-04
VCBFBCF,29489.17,2022-05-04
DCDS,68293.27,2022-05-05
DCDS,66719.99,2022-05-08
DCDS,62975.34,2022-05-09
DCDS,64170.05,2022-05-10
DCDS,64572.69,2022-05-11
VCBFBCF,28274.36,2022-05-11
DCDS,61161.19,2022-05-12
DCDS,57855.58,2022-05-15
DCDS,57171.9,2022-05-16
DCDS,60238.62,2022-05-17
DCDS,60871.35,2022-05-18
VCBFBCF,27380.11,2022-05-18
DCDS,60924.66,2022-05-19
DCDS,61239.2,2022-05-22
DCDS,60215.81,2022-05-23
DCDS,60980.71,2022-05-24
DCDS,63072.0,2022-05-25
VCBFBCF,27318.85,2022-05-25
DCDS,63065.51,2022-05-26
DCDS,63774.16,2022-05-29
DCDS,64225.44,2022-05-30
DCDS,64144.55,2022-05-31
DCDS,64495.66,2022-06-01
VCBFBCF,28906.62,2022-06-01
DCDS,64041.08,2022-06-02
DCDS,64665.82,2022-06-05
DCDS,64640.63,2022-06-06
DCDS,65160.67,2022-06-07
DCDS,65936.09,2022-06-08
VCBFBCF,29268.18,2022-06-08
DCDS,66174.33,2022-06-09
DCDS,64346.31,2022-06-12
DCDS,61466.64,2022-06-13
DCDS,62123.3,2022-06-14
DCDS,61983.21,2022-06-15
VCBFBCF,27638.7,2022-06-15
DCDS,63359.47,2022-06-17
DCDS,62755.25,2022-06-19
DCDS,60761.88,2022-06-20
DCDS,59335.93,2022-06-21
DCDS,58325.33,2022-06-22
VCBFBCF,26540.43,2022-06-22
DCDS,60370.12,2022-06-23
DCDS,60078.67,2022-06-27
DCDS,60884.46,2022-06-28
DCDS,61655.77,2022-06-29
VCBFBCF,27774.03,2022-06-29
DCDS,61637.06,2022-06-30
DCDS,60564.74,2022-07-01
DCDS,60314.98,2022-07-04
DCDS,59675.77,2022-07-05
VCBFBCF,27331.46,2022-07-05
DCDS,58548.68,2022-07-06
DCDS,56871.63,2022-07-07
VCBFBCF,26463.09,2022-07-07
DCDS,57575.58,2022-07-08
DCDS,58008.56,2022-07-11
DCDS,56924.74,2022-07-12
VCBFBCF,26491.91,2022-07-12
DCDS,58236.9,2022-07-13
DCDS,57934.2,2022-07-14
VCBFBCF,26938.39,2022-07-14
DCDS,58290.81,2022-07-15
DCDS,58072.74,2022-07-18
DCDS,58140.59,2022-07-19
VCBFBCF,26879.64,2022-07-19
DCDS,58241.57,2022-07-20
DCDS,59262.16,2022-07-21
VCBFBCF,27211.55,2022-07-21
DCDS,59479.01,2022-07-22
DCDS,59387.37,2022-07-25
DCDS,58917.39,2022-07-26
VCBFBCF,27060.53,2022-07-26
DCDS,58573.76,2022-07-27
DCDS,58926.31,2022-07-28
VCBFBCF,27019.06,2022-07-28
DCDS,59754.62,2022-07-29
DCDS,59813.78,2022-08-01
DCDS,60814.51,2022-08-02
VCBFBCF,27920.75,2022-08-02
DCDS,60962.67,2022-08-03
DCDS,61615.11,2022-08-04
VCBFBCF,28232.91,2022-08-04
DCDS,61543.99,2022-08-05
DCDS,61671.34,2022-08-08
DCDS,62062.59,2022-08-09
VCBFBCF,28200.85,2022-08-09
DCDS,62043.82,2022-08-10
DCDS,61987.49,2022-08-11
VCBFBCF,28212.78,2022-08-11
DCDS,61578.76,2022-08-12
DCDS,62256.95,2022-08-15
DCDS,62852.95,2022-08-16
VCBFBCF,28621.7,2022-08-16
DCDS,62937.35,2022-08-17
DCDS,62974.6,2022-08-18
VCBFBCF,28626.2,2022-08-18
DCDS,62826.08,2022-08-19
DCDS,62784.33,2022-08-22
DCDS,62580.78,2022-08-23
VCBFBCF,28471.2,2022-08-23
DCDS,63164.49,2022-08-24
DCDS,63511.35,2022-08-25
VCBFBCF,28791.33,2022-08-25
DCDS,63839.5,2022-08-26
DCDS,63767.74,2022-08-29
DCDS,63569.04,2022-08-30
VCBFBCF,28793.37,2022-08-30
DCDS,63607.06,2022-08-31
DCDS,63801.29,2022-09-05
DCDS,63536.69,2022-09-06
VCBFBCF,28878.05,2022-09-06
DCDS,63492.88,2022-09-07
DCDS,61600.47,2022-09-08
VCBFBCF,28027.18,2022-09-08
DCDS,61345.52,2022-09-09
DCDS,62135.87,2022-09-12
DCDS,62314.88,2022-09-13
VCBFBCF,28265.05,2022-09-13
DCDS,62266.77,2022-09-14
DCDS,62084.13,2022-09-15
VCBFBCF,28050.35,2022-09-15
DCDS,62119.94,2022-09-16
DCDS,61279.92,2022-09-19
DCDS,59529.02,2022-09-20
VCBFBCF,27038.82,2022-09-20
DCDS,60247.35,2022-09-21
DCDS,59778.51,2022-09-22
VCBFBCF,27288.95,2022-09-22
DCDS,60075.7,2022-09-23
DCDS,59551.46,2022-09-26
DCDS,57847.74,2022-09-27
VCBFBCF,26485.1,2022-09-27
DCDS,57287.8,2022-09-28
DCDS,56219.77,2022-09-29
VCBFBCF,25850.36,2022-09-29
DCDS,55268.09,2022-09-30
DCDS,55957.23,2022-10-03
DCDS,53402.85,2022-10-04
VCBFBCF,24442.18,2022-10-04
DCDS,53128.59,2022-10-05
DCDS,54356.85,2022-10-06
VCBFBCF,24966.09,2022-10-06
DCDS,52939.31,2022-10-07
DCDS,51465.02,2022-10-10
DCDS,52561.72,2022-10-11
VCBFBCF,23683.07,2022-10-11
DCDS,51155.08,2022-10-12
DCDS,52624.72,2022-10-13
VCBFBCF,23514.26,2022-10-13
DCDS,53267.89,2022-10-14
DCDS,54241.5,2022-10-17
DCDS,54168.7,2022-10-18
VCBFBCF,24093.18,2022-10-18
DCDS,54410.68,2022-10-19
DCDS,54364.4,2022-10-20
VCBFBCF,24317.83,2022-10-20
DCDS,54091.47,2022-10-21
DCDS,52031.09,2022-10-24
DCDS,50597.41,2022-10-25
VCBFBCF,22287.59,2022-10-25
DCDS,51329.82,2022-10-26
DCDS,51076.8,2022-10-27
VCBFBCF,22749.41,2022-10-27
DCDS,52597.99,2022-10-28
DCDS,52575.86,2022-10-31
DCDS,52403.24,2022-11-01
VCBFBCF,23497.2,2022-11-01
DCDS,52506.96,2022-11-02
DCDS,52037.84,2022-11-03
VCBFBCF,23301.31,2022-11-03
DCDS,52199.79,2022-11-04
DCDS,50904.81,2022-11-07
DCDS,49921.88,2022-11-08
VCBFBCF,22193.94,2022-11-08
DCDS,50560.43,2022-11-09
DCDS,50703.78,2022-11-10
VCBFBCF,22623.63,2022-11-10
DCDS,48933.62,2022-11-11
DCDS,49318.96,2022-11-14
DCDS,48420.94,2022-11-15
VCBFBCF,21517.75,2022-11-15
DCDS,46614.28,2022-11-16
DCDS,47520.85,2022-11-17
VCBFBCF,21439.31,2022-11-17
DCDS,48401.16,2022-11-18
DCDS,48622.07,2022-11-21
DCDS,48452.48,2022-11-22
VCBFBCF,22160.84,2022-11-22
DCDS,48316.95,2022-11-23
DCDS,48039.84,2022-11-24
VCBFBCF,22241.06,2022-11-24
DCDS,47934.2,2022-11-25
DCDS,49020.22,2022-11-28
DCDS,50652.75,2022-11-29
VCBFBCF,23822.37,2022-11-29
DCDS,51954.99,2022-11-30
DCDS,52802.88,2022-12-01
VCBFBCF,24649.99,2022-12-01
DCDS,52112.55,2022-12-02
DCDS,54290.87,2022-12-05
DCDS,54918.57,2022-12-06
VCBFBCF,25822.5,2022-12-06
DCDS,52996.7,2022-12-07
DCDS,52655.57,2022-12-08
VCBFBCF,24627.29,2022-12-08
DCDS,53434.12,2022-12-09
DCDS,53706.27,2022-12-12
DCDS,52726.55,2022-12-13
VCBFBCF,24506.59,2022-12-13
DCDS,53780.9,2022-12-14
DCDS,53977.6,2022-12-15
VCBFBCF,25057.0,2022-12-15
DCDS,54335.31,2022-12-16
DCDS,54459.71,2022-12-19
DCDS,53452.66,2022-12-20
VCBFBCF,24750.14,2022-12-20
DCDS,52681.45,2022-12-21
DCDS,52232.23,2022-12-22
VCBFBCF,24623.84,2022-12-22
DCDS,52485.84,2022-12-23
DCDS,52249.1,2022-12-26
DCDS,49860.87,2022-12-27
VCBFBCF,23633.59,2022-12-27
DCDS,51188.62,2022-12-28
DCDS,51604.98,2022-12-29
VCBFBCF,24267.31,2022-12-29
DCDS,51200.28,2022-12-30
DCDS,51528.68,2023-01-03
VCBFBCF,24126.82,2023-01-03
DCDS,53093.8,2023-01-04
DCDS,53192.96,2023-01-05
VCBFBCF,24912.92,2023-01-05
DCDS,53681.55,2023-01-06
DCDS,53299.74,2023-01-09
DCDS,53046.41,2023-01-10
VCBFBCF,25088.92,2023-01-10
DCDS,52934.72,2023-01-11
DCDS,53063.67,2023-01-12
VCBFBCF,25201.06,2023-01-12
DCDS,53056.47,2023-01-13
DCDS,53141.92,2023-01-16
DCDS,53395.75,2023-01-17
VCBFBCF,25417.53,2023-01-17
DCDS,54677.84,2023-01-18
DCDS,55244.64,2023-01-19
VCBFBCF,26244.59,2023-01-19
DCDS,55716.22,2023-01-27
DCDS,55929.87,2023-01-30
DCDS,55445.65,2023-01-31
VCBFBCF,26353.41,2023-01-31
DCDS,56132.72,2023-02-01
DCDS,54220.3,2023-02-02
VCBFBCF,25802.49,2023-02-02
DCDS,54343.2,2023-02-03
DCDS,54127.15,2023-02-06
DCDS,54565.79,2023-02-07
VCBFBCF,25816.0,2023-02-07
DCDS,53512.55,2023-02-08
DCDS,53690.81,2023-02-09
VCBFBCF,25463.12,2023-02-09
DCDS,53425.47,2023-02-10
DCDS,52831.83,2023-02-13
DCDS,52149.21,2023-02-14
VCBFBCF,24992.54,2023-02-14
DCDS,52149.14,2023-02-15
DCDS,52749.7,2023-02-16
VCBFBCF,25001.23,2023-02-16
DCDS,53601.64,2023-02-17
DCDS,53615.3,2023-02-20
DCDS,55030.26,2023-02-21
VCBFBCF,26108.69,2023-02-21
DCDS,54681.09,2023-02-22
DCDS,53191.92,2023-02-23
VCBFBCF,25354.64,2023-02-23
DCDS,53442.19,2023-02-24
DCDS,52429.43,2023-02-27
DCDS,51278.13,2023-02-28
VCBFBCF,24437.4,2023-02-28
DCDS,51495.91,2023-03-01
DCDS,52581.45,2023-03-02
VCBFBCF,25054.13,2023-03-02
DCDS,52455.08,2023-03-03
DCDS,51697.27,2023-03-06
DCDS,51920.28,2023-03-07
VCBFBCF,24664.34,2023-03-07
DCDS,52544.94,2023-03-08
DCDS,53322.71,2023-03-09
VCBFBCF,25135.37,2023-03-09
DCDS,53498.21,2023-03-10
DCDS,53207.05,2023-03-13
DCDS,53076.03,2023-03-14
VCBFBCF,24989.24,2023-03-14
DCDS,52084.89,2023-03-15
DCDS,53499.83,2023-03-16
VCBFBCF,25262.78,2023-03-16
DCDS,52737.67,2023-03-17
DCDS,52644.66,2023-03-20
DCDS,51483.69,2023-03-21
VCBFBCF,24384.79,2023-03-21
DCDS,52086.95,2023-03-22
DCDS,52475.09,2023-03-23
VCBFBCF,24691.56,2023-03-23
DCDS,52750.24,2023-03-24
DCDS,52848.72,2023-03-27
DCDS,53162.89,2023-03-28
VCBFBCF,24939.55,2023-03-28
DCDS,53138.94,2023-03-29
DCDS,53281.24,2023-03-30
VCBFBCF,24977.52,2023-03-30
DCDS,53350.36,2023-03-31
DCDS,53653.34,2023-04-03
DCDS,54628.12,2023-04-04
VCBFBCF,25639.29,2023-04-04
DCDS,54719.93,2023-04-05
DCDS,54938.67,2023-04-06
VCBFBCF,25678.53,2023-04-06
DCDS,54148.94,2023-04-07
DCDS,54252.4,2023-04-10
DCDS,54103.74,2023-04-11
VCBFBCF,25386.73,2023-04-11
DCDS,54471.43,2023-04-12
DCDS,54593.28,2023-04-13
VCBFBCF,25467.52,2023-04-13
DCDS,54325.09,2023-04-14
DCDS,53294.63,2023-04-17
DCDS,53545.26,2023-04-18
VCBFBCF,25162.25,2023-04-18
DCDS,53819.33,2023-04-19
DCDS,53420.73,2023-04-20
VCBFBCF,25067.31,2023-04-20
DCDS,53306.93,2023-04-21
DCDS,53057.75,2023-04-24
DCDS,53063.0,2023-04-25
VCBFBCF,24990.71,2023-04-25
DCDS,52703.89,2023-04-26
DCDS,53081.64,2023-04-27
VCBFBCF,24901.86,2023-04-27
DCDS,53135.97,2023-04-28
DCDS,53772.17,2023-05-04
VCBFBCF,24938.29,2023-05-04
DCDS,53431.39,2023-05-05
DCDS,53337.63,2023-05-08
DCDS,53853.22,2023-05-09
VCBFBCF,25022.4,2023-05-09
VMEEF,9996.94,2023-05-09
DCDS,53901.98,2023-05-10
DCDS,54277.9,2023-05-11
VCBFBCF,25248.94,2023-05-11
VMEEF,10000.0,2023-05-11
DCDS,54350.87,2023-05-12
DCDS,54974.91,2023-05-15
DCDS,54596.33,2023-05-16
VCBFBCF,25515.99,2023-05-16
DCDS,54669.03,2023-05-17
DCDS,54096.77,2023-05-18
VCBFBCF,25453.44,2023-05-18
DCDS,54471.82,2023-05-19
DCDS,54710.55,2023-05-22
DCDS,55077.99,2023-05-23
VCBFBCF,25723.08,2023-05-23
DCDS,54927.43,2023-05-24
DCDS,54644.79,2023-05-25
VCBFBCF,25473.51,2023-05-25
DCDS,54610.51,2023-05-26
DCDS,54708.16,2023-05-29
DCDS,55418.75,2023-05-30
VCBFBCF,25653.36,2023-05-30
DCDS,56000.32,2023-05-31
VMEEF,10085.36,2023-05-31
DCDS,55818.26,2023-06-01
VCBFBCF,25633.15,2023-06-01
VMEEF,10041.77,2023-06-01
DCDS,56103.57,2023-06-02
VMEEF,10084.79,2023-06-02
DCDS,56720.56,2023-06-05
VMEEF,10244.83,2023-06-05
DCDS,56724.67,2023-06-06
VCBFBCF,26077.92,2023-06-06
VMEEF,10283.36,2023-06-06
DCDS,57389.23,2023-06-07
VMEEF,10404.76,2023-06-07
DCDS,57758.69,2023-06-08
VCBFBCF,26362.93,2023-06-08
VMEEF,10373.16,2023-06-08
DCDS,56881.42,2023-06-09
VMEEF,10240.63,2023-06-09
DCDS,57529.95,2023-06-12
VMEEF,10312.09,2023-06-12
DCDS,58016.52,2023-06-13
VCBFBCF,26423.07,2023-06-13
VMEEF,10373.1,2023-06-13
DCDS,58233.15,2023-06-14
VMEEF,10427.26,2023-06-14
DCDS,57776.78,2023-06-15
VCBFBCF,26379.99,2023-06-15
VMEEF,10397.72,2023-06-15
DCDS,57980.83,2023-06-16
VMEEF,10385.69,2023-06-16
DCDS,58061.72,2023-06-19
VMEEF,10403.84,2023-06-19
DCDS,57897.1,2023-06-20
VCBFBCF,26430.92,2023-06-20
VMEEF,10369.39,2023-06-20
DCDS,58622.47,2023-06-21
VMEEF,10411.32,2023-06-21
DCDS,59186.55,2023-06-22
VCBFBCF,26870.11,2023-06-22
VMEEF,10460.92,2023-06-22
DCDS,59638.01,2023-06-23
VMEEF,10518.79,2023-06-23
DCDS,59626.86,2023-06-26
VMEEF,10547.89,2023-06-26
DCDS,59755.59,2023-06-27
VCBFBCF,27163.73,2023-06-27
VMEEF,10570.99,2023-06-27
DCDS,59918.8,2023-06-28
VMEEF,10596.28,2023-06-28
DCDS,60022.24,2023-06-29
VCBFBCF,27366.71,2023-06-29
VMEEF,10629.84,2023-06-29
DCDS,59027.43,2023-06-30
VMEEF,10484.89,2023-06-30
DCDS,59090.99,2023-07-03
VMEEF,10467.43,2023-07-03
DCDS,59321.02,2023-07-04
VCBFBCF,27101.39,2023-07-04
VMEEF,10483.51,2023-07-04
DCDS,59943.13,2023-07-05
VMEEF,10570.07,2023-07-05
DCDS,60121.27,2023-07-06
VCBFBCF,27354.03,2023-07-06
VMEEF,10593.22,2023-07-06
DCDS,59624.64,2023-07-07
VMEEF,10509.61,2023-07-07
DCDS,60527.34,2023-07-10
VMEEF,10626.07,2023-07-10
DCDS,61102.02,2023-07-11
VCBFBCF,27615.12,2023-07-11
VMEEF,10748.15,2023-07-11
DCDS,61234.62,2023-07-12
VMEEF,10801.39,2023-07-12
DCDS,61355.27,2023-07-13
VCBFBCF,27882.55,2023-07-13
VMEEF,10813.51,2023-07-13
DCDS,62066.76,2023-07-14
VMEEF,10912.85,2023-07-14
DCDS,62389.28,2023-07-17
VMEEF,10951.42,2023-07-17
DCDS,62495.58,2023-07-18
VCBFBCF,28274.25,2023-07-18
VMEEF,10970.89,2023-07-18
DCDS,62452.41,2023-07-19
VMEEF,10964.38,2023-07-19
DCDS,62374.33,2023-07-20
VCBFBCF,28186.31,2023-07-20
VMEEF,10959.48,2023-07-20
DCDS,62599.87,2023-07-21
VMEEF,10945.04,2023-07-21
DCDS,63783.41,2023-07-24
VMEEF,11078.63,2023-07-24
DCDS,64136.49,2023-07-25
VCBFBCF,28834.69,2023-07-25
VMEEF,11108.87,2023-07-25
DCDS,64162.49,2023-07-26
VMEEF,11174.37,2023-07-26
DCDS,64410.99,2023-07-27
VCBFBCF,28856.91,2023-07-27
VMEEF,11209.1,2023-07-27
DCDS,64493.46,2023-07-28
VMEEF,11192.92,2023-07-28
DCDS,65144.15,2023-07-31
VMEEF,11283.51,2023-07-31
DCDS,65619.23,2023-08-01
VCBFBCF,29406.27,2023-08-01
VMEEF,11354.2,2023-08-01
DCDS,64736.09,2023-08-02
VMEEF,11264.31,2023-08-02
DCDS,65096.32,2023-08-03
VCBFBCF,29183.66,2023-08-03
VMEEF,11293.1,2023-08-03
DCDS,64745.63,2023-08-04
VMEEF,11206.05,2023-08-04
DCDS,65571.44,2023-08-07
VMEEF,11294.32,2023-08-07
DCDS,66302.91,2023-08-08
VCBFBCF,29781.92,2023-08-08
VMEEF,11428.7,2023-08-08
DCDS,65887.7,2023-08-09
VMEEF,11387.58,2023-08-09
DCDS,65545.36,2023-08-10
VCBFBCF,29706.49,2023-08-10
VMEEF,11341.57,2023-08-10
DCDS,64573.31,2023-08-11
VMEEF,11185.0,2023-08-11
DCDS,65251.23,2023-08-14
VMEEF,11236.42,2023-08-14
DCDS,65918.39,2023-08-15
VCBFBCF,29784.22,2023-08-15
VMEEF,11275.91,2023-08-15
DCDS,65876.18,2023-08-16
VMEEF,11283.11,2023-08-16
DCDS,66186.98,2023-08-17
VCBFBCF,30053.66,2023-08-17
VMEEF,11368.37,2023-08-17
DCDS,65845.97,2023-08-18
VMEEF,11322.32,2023-08-18
DCDS,62590.01,2023-08-21
VMEEF,10939.74,2023-08-21
DCDS,62700.48,2023-08-22
VCBFBCF,28671.69,2023-08-22
VMEEF,10989.31,2023-08-22
DCDS,63184.31,2023-08-23
VMEEF,11003.3,2023-08-23
DCDS,62613.37,2023-08-24
VCBFBCF,28464.0,2023-08-24
VMEEF,10904.35,2023-08-24
DCDS,64179.56,2023-08-25
VMEEF,11078.93,2023-08-25
DCDS,64201.58,2023-08-28
VMEEF,11045.14,2023-08-28
DCDS,65554.23,2023-08-29
VCBFBCF,29384.76,2023-08-29
VMEEF,11209.84,2023-08-29
DCDS,65961.99,2023-08-30
VMEEF,11223.03,2023-08-30
DCDS,67055.43,2023-08-31
VCBFBCF,29940.88,2023-08-31
VMEEF,11343.99,2023-08-31
DCDS,67778.38,2023-09-05
VCBFBCF,30099.98,2023-09-05
VMEEF,11443.7,2023-09-05
DCDS,68245.25,2023-09-06
VMEEF,11608.25,2023-09-06
DCDS,69204.87,2023-09-07
VCBFBCF,30655.61,2023-09-07
VMEEF,11684.38,2023-09-07
DCDS,69045.8,2023-09-08
VMEEF,11691.65,2023-09-08
DCDS,69282.16,2023-09-11
VMEEF,11640.61,2023-09-11
DCDS,68062.92,2023-09-12
VCBFBCF,30017.05,2023-09-12
VMEEF,11464.6,2023-09-12
DCDS,69697.18,2023-09-13
VMEEF,11630.13,2023-09-13
DCDS,69394.88,2023-09-14
VCBFBCF,30398.92,2023-09-14
VMEEF,11573.28,2023-09-14
DCDS,68516.88,2023-09-15
VMEEF,11504.69,2023-09-15
DCDS,68864.63,2023-09-18
VMEEF,11558.33,2023-09-18
DCDS,68339.8,2023-09-19
VCBFBCF,29952.57,2023-09-19
VMEEF,11455.2,2023-09-19
DCDS,68927.08,2023-09-20
VMEEF,11452.15,2023-09-20
DCDS,69894.28,2023-09-21
VCBFBCF,30372.56,2023-09-21
VMEEF,11558.57,2023-09-21
DCDS,68778.84,2023-09-22
VMEEF,11456.1,2023-09-22
DCDS,67209.64,2023-09-25
VMEEF,11324.43,2023-09-25
DCDS,64411.45,2023-09-26
VCBFBCF,28609.6,2023-09-26
VMEEF,11028.07,2023-09-26
DCDS,63614.06,2023-09-27
VMEEF,10894.83,2023-09-27
DCDS,65110.46,2023-09-28
VCBFBCF,28707.1,2023-09-28
VMEEF,11012.58,2023-09-28
DCDS,65235.03,2023-09-29
VMEEF,10970.32,2023-09-29
DCDS,65011.48,2023-10-02
VMEEF,10981.18,2023-10-02
DCDS,65174.04,2023-10-03
VCBFBCF,28575.28,2023-10-03
VMEEF,11000.7,2023-10-03
DCDS,62666.55,2023-10-04
VMEEF,10697.32,2023-10-04
DCDS,63722.18,2023-10-05
VCBFBCF,27960.43,2023-10-05
VMEEF,10798.35,2023-10-05
DCDS,62814.06,2023-10-06
VMEEF,10705.47,2023-10-06
DCDS,63953.11,2023-10-09
VMEEF,10842.08,2023-10-09
DCDS,64919.46,2023-10-10
VCBFBCF,28306.0,2023-10-10
VMEEF,10956.22,2023-10-10
DCDS,65007.51,2023-10-11
VMEEF,11054.24,2023-10-11
DCDS,65896.0,2023-10-12
VCBFBCF,28691.86,2023-10-12
VMEEF,11110.91,2023-10-12
DCDS,65848.83,2023-10-13
VMEEF,11160.32,2023-10-13
DCDS,66356.2,2023-10-16
VMEEF,11231.03,2023-10-16
DCDS,65531.58,2023-10-17
VCBFBCF,28360.53,2023-10-17
VMEEF,11199.46,2023-10-17
DCDS,63180.88,2023-10-18
VMEEF,11061.75,2023-10-18
DCDS,62595.61,2023-10-19
VCBFBCF,27372.97,2023-10-19
VMEEF,10907.33,2023-10-19
DCDS,61386.46,2023-10-20
VMEEF,10799.72,2023-10-20
DCDS,62650.81,2023-10-23
VMEEF,10833.45,2023-10-23
DCDS,61589.86,2023-10-24
VCBFBCF,27208.64,2023-10-24
VMEEF,10706.14,2023-10-24
DCDS,62281.14,2023-10-25
VMEEF,10831.1,2023-10-25
DCDS,61927.15,2023-10-26
VCBFBCF,27282.4,2023-10-26
VMEEF,10774.74,2023-10-26
DCDS,59074.37,2023-10-27
VMEEF,10293.41,2023-10-27
DCDS,59744.51,2023-10-30
VMEEF,10359.63,2023-10-30
DCDS,57815.76,2023-10-31
VCBFBCF,25719.83,2023-10-31
VMEEF,10119.92,2023-10-31
DCDS,55978.07,2023-11-01
VMEEF,9990.69,2023-11-01
DCDS,56915.99,2023-11-02
VCBFBCF,25345.86,2023-11-02
VMEEF,10064.83,2023-11-02
VMEEF,10064.83,2023-11-02
DCDS,59442.67,2023-11-03
VMEEF,10408.73,2023-11-03
DCDS,59560.82,2023-11-06
VMEEF,10450.11,2023-11-06
DCDS,60310.92,2023-11-07
VCBFBCF,26671.1,2023-11-07
VMEEF,10582.61,2023-11-07
DCDS,60058.31,2023-11-08
VMEEF,10510.91,2023-11-08
DCDS,62675.17,2023-11-09
VCBFBCF,27342.84,2023-11-09
VMEEF,10849.89,2023-11-09
DCDS,62988.83,2023-11-10
VMEEF,10933.27,2023-11-10
DCDS,62523.5,2023-11-13
VMEEF,10867.59,2023-11-13
DCDS,62800.24,2023-11-14
VCBFBCF,27207.98,2023-11-14
VMEEF,10869.41,2023-11-14
DCDS,63487.29,2023-11-15
VMEEF,10958.34,2023-11-15
DCDS,63652.86,2023-11-16
VCBFBCF,27662.68,2023-11-16
VMEEF,11018.98,2023-11-16
DCDS,64203.91,2023-11-17
VMEEF,11097.74,2023-11-17
DCDS,63103.12,2023-11-20
VMEEF,10952.82,2023-11-20
DCDS,63377.96,2023-11-21
VCBFBCF,27135.48,2023-11-21
VMEEF,10936.81,2023-11-21
DCDS,64161.12,2023-11-22
VMEEF,11055.59,2023-11-22
DCDS,64647.0,2023-11-23
VCBFBCF,27366.86,2023-11-23
VMEEF,11125.05,2023-11-23
DCDS,62163.5,2023-11-24
VMEEF,10937.95,2023-11-24
DCDS,63016.36,2023-11-27
VMEEF,10954.32,2023-11-27
DCDS,62106.29,2023-11-28
VCBFBCF,26638.39,2023-11-28
VMEEF,10841.75,2023-11-28
DCDS,62533.01,2023-11-29
VMEEF,10920.39,2023-11-29
DCDS,63346.38,2023-11-30
VCBFBCF,27054.45,2023-11-30
VMEEF,10959.22,2023-11-30
DCDS,63068.47,2023-12-01
VMEEF,10940.16,2023-12-01
DCDS,63442.11,2023-12-04
VMEEF,10955.0,2023-12-04
DCDS,64978.34,2023-12-05
VCBFBCF,27415.25,2023-12-05
VMEEF,11099.67,2023-12-05
DCDS,64811.58,2023-12-06
VMEEF,11092.3,2023-12-06
DCDS,65503.22,2023-12-07
VCBFBCF,27526.16,2023-12-07
VMEEF,11182.54,2023-12-07
DCDS,64736.32,2023-12-08
VMEEF,11146.35,2023-12-08
DCDS,64743.65,2023-12-11
VMEEF,11153.79,2023-12-11
DCDS,64685.75,2023-12-12
VCBFBCF,27588.39,2023-12-12
VMEEF,11136.83,2023-12-12
DCDS,64972.68,2023-12-13
VMEEF,11193.78,2023-12-13
DCDS,63823.48,2023-12-14
VCBFBCF,27324.77,2023-12-14
VMEEF,11066.96,2023-12-14
DCDS,63506.86,2023-12-15
VMEEF,11073.7,2023-12-15
DCDS,63339.91,2023-12-18
VMEEF,11037.02,2023-12-18
DCDS,62835.58,2023-12-19
VCBFBCF,26815.26,2023-12-19
VMEEF,10927.27,2023-12-19
DCDS,63507.85,2023-12-20
VMEEF,11010.08,2023-12-20
DCDS,63916.1,2023-12-21
VCBFBCF,27278.49,2023-12-21
VMEEF,11033.22,2023-12-21
DCDS,64163.5,2023-12-22
VMEEF,11045.36,2023-12-22
DCDS,64251.39,2023-12-25
VMEEF,11088.02,2023-12-25
DCDS,65210.06,2023-12-26
VCBFBCF,27776.15,2023-12-26
VMEEF,11200.25,2023-12-26
DCDS,65553.58,2023-12-27
VMEEF,11217.88,2023-12-27
DCDS,65500.1,2023-12-28
VCBFBCF,27889.87,2023-12-28
VMEEF,11213.89,2023-12-28
DCDS,65607.01,2023-12-29
VMEEF,11250.56,2023-12-29
VCBFBCF,28151.05,2023-12-31
DCDS,65718.66,2024-01-02
VCBFBCF,28149.36,2024-01-02
VMEEF,11319.32,2024-01-02
DCDS,65216.48,2024-01-03
VMEEF,11309.69,2024-01-03
DCDS,65931.49,2024-01-04
VCBFBCF,28455.79,2024-01-04
VMEEF,11438.64,2024-01-04
DCDS,66017.21,2024-01-05
VMEEF,11533.83,2024-01-05
DCDS,66247.04,2024-01-08
VMEEF,11620.46,2024-01-08
DCDS,66316.91,2024-01-09
VCBFBCF,28871.95,2024-01-09
VMEEF,11720.67,2024-01-09
DCDS,66108.72,2024-01-10
VMEEF,11725.09,2024-01-10
DCDS,65541.99,2024-01-11
VCBFBCF,28810.99,2024-01-11
VMEEF,11702.64,2024-01-11
DCDS,65682.88,2024-01-12
VMEEF,11750.58,2024-01-12
DCDS,65140.63,2024-01-15
VMEEF,11670.12,2024-01-15
DCDS,64994.52,2024-01-16
VCBFBCF,28689.79,2024-01-16
VMEEF,11674.33,2024-01-16
DCDS,65899.04,2024-01-17
VMEEF,11789.96,2024-01-17
DCDS,65945.1,2024-01-18
VCBFBCF,29049.84,2024-01-18
VMEEF,11758.28,2024-01-18
DCDS,66368.82,2024-01-19
VMEEF,11842.0,2024-01-19
DCDS,66762.98,2024-01-22
VMEEF,11947.22,2024-01-22
DCDS,66885.6,2024-01-23
VCBFBCF,29735.4,2024-01-23
VMEEF,11938.35,2024-01-23
DCDS,66766.83,2024-01-24
VMEEF,11914.0,2024-01-24
DCDS,66412.4,2024-01-25
VCBFBCF,29579.6,2024-01-25
VMEEF,11855.36,2024-01-25
DCDS,66546.0,2024-01-26
VMEEF,11852.18,2024-01-26
DCDS,66904.9,2024-01-29
VMEEF,11934.61,2024-01-29
DCDS,66926.17,2024-01-30
VCBFBCF,29682.18,2024-01-30
VMEEF,12026.2,2024-01-30
DCDS,67463.59,2024-01-31
VMEEF,12068.78,2024-01-31
DCDS,66785.13,2024-02-01
VCBFBCF,29547.49,2024-02-01
VMEEF,11970.12,2024-02-01
DCDS,67721.91,2024-02-02
VMEEF,12110.12,2024-02-02
DCDS,67985.36,2024-02-05
VMEEF,12159.16,2024-02-05
DCDS,68805.06,2024-02-06
VCBFBCF,30404.61,2024-02-06
VMEEF,12387.37,2024-02-06
DCDS,69280.47,2024-02-07
VMEEF,12470.72,2024-02-07
DCDS,69759.59,2024-02-15
VCBFBCF,30709.81,2024-02-15
VMEEF,12514.82,2024-02-15
DCDS,69801.21,2024-02-16
VMEEF,12498.21,2024-02-16
DCDS,69884.77,2024-02-19
VMEEF,12518.94,2024-02-19
DCDS,69939.44,2024-02-20
VCBFBCF,31071.72,2024-02-20
VMEEF,12546.97,2024-02-20
DCDS,69929.59,2024-02-21
VMEEF,12564.4,2024-02-21
DCDS,70274.14,2024-02-22
VCBFBCF,31188.64,2024-02-22
VMEEF,12634.58,2024-02-22
DCDS,70170.03,2024-02-23
VMEEF,12636.95,2024-02-23
DCDS,69124.66,2024-02-26
VMEEF,12498.53,2024-02-26
DCDS,70444.55,2024-02-27
VCBFBCF,31176.46,2024-02-27
VMEEF,12643.7,2024-02-27
DCDS,71388.95,2024-02-28
VMEEF,12734.94,2024-02-28
DCDS,71861.42,2024-02-29
VCBFBCF,31753.68,2024-02-29
VMEEF,12840.66,2024-02-29
DCDS,72191.61,2024-03-01
VMEEF,12816.95,2024-03-01
DCDS,72926.51,2024-03-04
VMEEF,12862.35,2024-03-04
DCDS,73197.03,2024-03-05
VCBFBCF,32183.48,2024-03-05
VMEEF,12839.28,2024-03-05
DCDS,73613.63,2024-03-06
VMEEF,12866.03,2024-03-06
DCDS,72807.79,2024-03-07
VCBFBCF,32206.41,2024-03-07
VMEEF,12766.48,2024-03-07
DCDS,73412.84,2024-03-08
VMEEF,12807.72,2024-03-08
DCDS,72219.02,2024-03-11
VMEEF,12613.06,2024-03-11
DCDS,71708.0,2024-03-12
VCBFBCF,31353.73,2024-03-12
VMEEF,12563.42,2024-03-12
DCDS,72564.35,2024-03-13
VMEEF,12625.83,2024-03-13
DCDS,74700.06,2024-03-14
VCBFBCF,32394.83,2024-03-14
VMEEF,12944.02,2024-03-14
DCDS,74441.89,2024-03-15
VMEEF,12865.75,2024-03-15
DCDS,74435.41,2024-03-18
VMEEF,12864.11,2024-03-18
DCDS,72779.32,2024-03-19
VCBFBCF,31766.49,2024-03-19
VMEEF,12684.82,2024-03-19
DCDS,72471.29,2024-03-20
VMEEF,12654.41,2024-03-20
DCDS,73931.16,2024-03-21
VCBFBCF,32277.8,2024-03-21
VMEEF,12907.89,2024-03-21
DCDS,75110.44,2024-03-22
VMEEF,13131.36,2024-03-22
DCDS,75288.54,2024-03-25
VMEEF,13155.8,2024-03-25
DCDS,74321.0,2024-03-26
VCBFBCF,32289.89,2024-03-26
VMEEF,13009.91,2024-03-26
DCDS,75257.28,2024-03-27
VMEEF,13151.66,2024-03-27
DCDS,75802.01,2024-03-28
VCBFBCF,32821.55,2024-03-28
VMEEF,13201.94,2024-03-28
DCDS,76579.99,2024-03-29
VMEEF,13311.68,2024-03-29
DCDS,76252.54,2024-04-01
VMEEF,13290.13,2024-04-01
DCDS,76061.71,2024-04-02
VCBFBCF,32987.54,2024-04-02
VMEEF,13237.95,2024-04-02
DCDS,76685.3,2024-04-03
VMEEF,13239.16,2024-04-03
DCDS,75355.63,2024-04-04
VCBFBCF,32510.09,2024-04-04
VMEEF,13073.73,2024-04-04
DCDS,74953.94,2024-04-05
VMEEF,13057.89,2024-04-05
DCDS,73947.08,2024-04-08
VMEEF,12951.51,2024-04-08
DCDS,73309.86,2024-04-09
VCBFBCF,31674.25,2024-04-09
VMEEF,12891.87,2024-04-09
DCDS,74333.56,2024-04-10
VMEEF,12983.09,2024-04-10
DCDS,73972.99,2024-04-11
VCBFBCF,32006.19,2024-04-11
VMEEF,12967.21,2024-04-11
DCDS,74241.52,2024-04-12
VMEEF,12954.76,2024-04-12
DCDS,75489.96,2024-04-15
VMEEF,13204.9,2024-04-15
DCDS,71484.54,2024-04-16
VCBFBCF,31020.1,2024-04-16
VMEEF,12689.48,2024-04-16
DCDS,71715.55,2024-04-17
VMEEF,12717.42,2024-04-17
DCDS,70448.0,2024-04-19
VMEEF,12544.88,2024-04-19
DCDS,69086.72,2024-04-22
VMEEF,12329.3,2024-04-22
DCDS,70220.16,2024-04-23
VCBFBCF,30461.1,2024-04-23
VMEEF,12415.42,2024-04-23
DCDS,69813.33,2024-04-24
VMEEF,12474.75,2024-04-24
DCDS,72371.79,2024-04-25
VCBFBCF,31196.02,2024-04-25
VMEEF,12726.77,2024-04-25
DCDS,72496.89,2024-04-26
VMEEF,12877.9,2024-04-26
DCDS,72945.92,2024-05-02
VCBFBCF,31321.15,2024-05-02
VMEEF,12899.91,2024-05-02
DCDS,73738.3,2024-05-03
VMEEF,13149.16,2024-05-03
DCDS,74186.74,2024-05-06
VMEEF,13376.19,2024-05-06
DCDS,75649.42,2024-05-07
VCBFBCF,32279.06,2024-05-07
VMEEF,13563.87,2024-05-07
DCDS,76321.67,2024-05-08
VMEEF,13703.74,2024-05-08
DCDS,76499.67,2024-05-09
VCBFBCF,32596.53,2024-05-09
VMEEF,13700.91,2024-05-09
DCDS,76474.5,2024-05-10
VMEEF,13822.36,2024-05-10
DCDS,76588.15,2024-05-13
VMEEF,13858.78,2024-05-13
DCDS,76119.57,2024-05-14
VCBFBCF,32278.16,2024-05-14
VMEEF,13747.49,2024-05-14
DCDS,76601.08,2024-05-15
VMEEF,13786.29,2024-05-15
DCDS,77619.71,2024-05-16
VCBFBCF,32822.96,2024-05-16
VMEEF,13940.23,2024-05-16
DCDS,78458.02,2024-05-17
VMEEF,14198.87,2024-05-17
DCDS,78787.98,2024-05-20
VMEEF,14197.09,2024-05-20
DCDS,78794.41,2024-05-21
VCBFBCF,33159.5,2024-05-21
VMEEF,14137.49,2024-05-21
DCDS,79250.63,2024-05-22
VMEEF,14143.28,2024-05-22
DCDS,79062.9,2024-05-23
VCBFBCF,33188.9,2024-05-23
VMEEF,14110.74,2024-05-23
DCDS,79913.28,2024-05-24
VMEEF,14221.08,2024-05-24
DCDS,78087.82,2024-05-27
VMEEF,14074.92,2024-05-27
DCDS,78367.43,2024-05-28
VCBFBCF,33009.86,2024-05-28
VMEEF,14057.67,2024-05-28
DCDS,79639.74,2024-05-29
VMEEF,14221.16,2024-05-29
DCDS,79001.93,2024-05-30
VCBFBCF,32997.79,2024-05-30
VMEEF,14136.76,2024-05-30
DCDS,79079.32,2024-05-31
VMEEF,14093.48,2024-05-31
DCDS,79286.75,2024-06-03
VMEEF,14108.49,2024-06-03
DCDS,80283.05,2024-06-04
VCBFBCF,33534.73,2024-06-04
VMEEF,14574.65,2024-06-04
DCDS,80673.12,2024-06-05
VMEEF,14829.05,2024-06-05
DCDS,80134.84,2024-06-06
VCBFBCF,33577.87,2024-06-06
VMEEF,14934.55,2024-06-06
DCDS,80309.02,2024-06-07
VMEEF,14937.68,2024-06-07
DCDS,80857.92,2024-06-10
VMEEF,15035.42,2024-06-10
DCDS,81672.79,2024-06-11
VCBFBCF,33993.48,2024-06-11
VMEEF,15054.25,2024-06-11
DCDS,81745.25,2024-06-12
VMEEF,15002.23,2024-06-12
DCDS,82941.86,2024-06-13
VCBFBCF,34514.01,2024-06-13
VMEEF,15228.09,2024-06-13
DCDS,83176.13,2024-06-14
VMEEF,15256.84,2024-06-14
DCDS,81655.83,2024-06-17
VMEEF,15071.9,2024-06-17
DCDS,81316.99,2024-06-18
VCBFBCF,33999.95,2024-06-18
VMEEF,15073.34,2024-06-18
DCDS,81694.05,2024-06-19
VMEEF,15046.95,2024-06-19
DCDS,82161.82,2024-06-20
VCBFBCF,34249.37,2024-06-20
VMEEF,15091.53,2024-06-20
DCDS,82663.13,2024-06-21
VMEEF,15133.86,2024-06-21
DCDS,82963.51,2024-06-24
VMEEF,15142.25,2024-06-24
DCDS,80456.47,2024-06-25
VCBFBCF,33548.95,2024-06-25
VMEEF,14882.07,2024-06-25
DCDS,80499.57,2024-06-26
VMEEF,14861.14,2024-06-26
DCDS,80917.3,2024-06-27
VCBFBCF,33586.24,2024-06-27
VMEEF,14870.13,2024-06-27
DCDS,80756.01,2024-06-28
VMEEF,14888.17,2024-06-28
DCDS,79515.4,2024-07-01
VMEEF,14744.93,2024-07-01
DCDS,80083.33,2024-07-02
VCBFBCF,33473.78,2024-07-02
VMEEF,14737.99,2024-07-02
DCDS,80747.09,2024-07-03
VMEEF,14851.03,2024-07-03
DCDS,81159.41,2024-07-04
VCBFBCF,33877.58,2024-07-04
VMEEF,14917.53,2024-07-04
DCDS,81582.79,2024-07-05
VMEEF,14936.62,2024-07-05
DCDS,82118.71,2024-07-08
VMEEF,14986.62,2024-07-08
DCDS,82799.01,2024-07-09
VCBFBCF,34208.38,2024-07-09
VMEEF,14974.34,2024-07-09
DCDS,83072.35,2024-07-10
VMEEF,15065.96,2024-07-10
DCDS,82253.85,2024-07-11
VCBFBCF,34030.9,2024-07-11
VMEEF,14977.3,2024-07-11
DCDS,81887.91,2024-07-12
VMEEF,14982.14,2024-07-12
DCDS,81638.39,2024-07-15
VMEEF,14942.68,2024-07-15
DCDS,81556.57,2024-07-16
VCBFBCF,33756.95,2024-07-16
VMEEF,14940.63,2024-07-16
DCDS,81652.71,2024-07-17
VMEEF,15005.1,2024-07-17
DCDS,80606.58,2024-07-18
VCBFBCF,33715.67,2024-07-18
VMEEF,14876.62,2024-07-18
DCDS,81030.09,2024-07-19
VMEEF,14893.6,2024-07-19
DCDS,80426.57,2024-07-22
VMEEF,14740.77,2024-07-22
DCDS,79191.98,2024-07-23
VCBFBCF,33549.71,2024-07-23
VMEEF,14666.76,2024-07-23
DCDS,77593.1,2024-07-24
VMEEF,14395.81,2024-07-24
DCDS,77896.51,2024-07-25
VCBFBCF,32975.41,2024-07-25
VMEEF,14425.46,2024-07-25
DCDS,77572.64,2024-07-26
VMEEF,14396.02,2024-07-26
DCDS,78376.91,2024-07-29
VMEEF,14570.67,2024-07-29
DCDS,78824.91,2024-07-30
VCBFBCF,33233.21,2024-07-30
VMEEF,14690.33,2024-07-30
DCDS,78662.62,2024-07-31
VMEEF,14619.39,2024-07-31
DCDS,78713.23,2024-08-01
VCBFBCF,33368.61,2024-08-01
VMEEF,14740.83,2024-08-01
DCDS,76470.06,2024-08-02
VMEEF,14464.2,2024-08-02
DCDS,77282.3,2024-08-05
VMEEF,14576.15,2024-08-05
DCDS,74109.05,2024-08-06
VCBFBCF,31649.68,2024-08-06
VMEEF,13934.96,2024-08-06
DCDS,75657.72,2024-08-07
VMEEF,14205.56,2024-08-07
DCDS,75712.49,2024-08-08
VCBFBCF,32294.72,2024-08-08
VMEEF,14168.12,2024-08-08
DCDS,75078.45,2024-08-09
VMEEF,14083.7,2024-08-09
DCDS,76804.65,2024-08-12
VMEEF,14351.88,2024-08-12
DCDS,77630.49,2024-08-13
VCBFBCF,32980.54,2024-08-13
VMEEF,14525.31,2024-08-13
DCDS,77647.0,2024-08-14
VMEEF,14506.17,2024-08-14
DCDS,77417.24,2024-08-15
VCBFBCF,32928.63,2024-08-15
VMEEF,14492.81,2024-08-15
DCDS,76728.95,2024-08-16
VMEEF,14402.79,2024-08-16
DCDS,78815.24,2024-08-19
VMEEF,14733.8,2024-08-19
DCDS,79502.65,2024-08-20
VCBFBCF,33905.2,2024-08-20
VMEEF,14879.01,2024-08-20
DCDS,80116.15,2024-08-21
VMEEF,14944.51,2024-08-21
DCDS,80939.44,2024-08-22
VCBFBCF,34392.87,2024-08-22
VMEEF,15057.39,2024-08-22
DCDS,80915.0,2024-08-23
VMEEF,15031.08,2024-08-23
DCDS,80879.37,2024-08-26
VMEEF,15070.51,2024-08-26
DCDS,80139.12,2024-08-27
VCBFBCF,34271.76,2024-08-27
VMEEF,14937.01,2024-08-27
DCDS,80211.29,2024-08-28
VMEEF,14915.06,2024-08-28
DCDS,80188.33,2024-08-29
VCBFBCF,34307.31,2024-08-29
VMEEF,14910.68,2024-08-29
DCDS,80254.43,2024-08-30
VMEEF,14945.25,2024-08-30
DCDS,80598.96,2024-09-04
VMEEF,15038.42,2024-09-04
DCDS,79997.6,2024-09-05
VCBFBCF,34243.81,2024-09-05
VMEEF,14952.22,2024-09-05
DCDS,79241.66,2024-09-06
VMEEF,14789.54,2024-09-06
DCDS,79556.94,2024-09-09
VMEEF,14928.22,2024-09-09
DCDS,79189.04,2024-09-10
VCBFBCF,33938.05,2024-09-10
VMEEF,14798.19,2024-09-10
DCDS,78590.35,2024-09-11
VMEEF,14657.16,2024-09-11
DCDS,78587.15,2024-09-12
VCBFBCF,33755.03,2024-09-12
VMEEF,14662.69,2024-09-12
DCDS,78753.09,2024-09-13
VMEEF,14742.65,2024-09-13
DCDS,78768.84,2024-09-16
VMEEF,14723.15,2024-09-16
DCDS,77923.63,2024-09-17
VCBFBCF,33481.14,2024-09-17
VMEEF,14591.39,2024-09-17
DCDS,79036.86,2024-09-18
VMEEF,14783.17,2024-09-18
DCDS,79693.61,2024-09-19
VCBFBCF,34247.19,2024-09-19
VMEEF,14931.72,2024-09-19
DCDS,80079.46,2024-09-20
VMEEF,14973.47,2024-09-20
DCDS,80308.07,2024-09-23
VMEEF,15039.41,2024-09-23
DCDS,80023.92,2024-09-24
VCBFBCF,34591.81,2024-09-24
VMEEF,15036.86,2024-09-24
DCDS,80641.59,2024-09-25
VMEEF,15128.26,2024-09-25
DCDS,81247.28,2024-09-26
VCBFBCF,35173.56,2024-09-26
VMEEF,15197.84,2024-09-26
DCDS,81237.04,2024-09-27
VMEEF,15166.44,2024-09-27
DCDS,81033.19,2024-09-30
VMEEF,15143.94,2024-09-30
DCDS,81062.4,2024-10-01
VCBFBCF,35051.24,2024-10-01
VMEEF,15094.05,2024-10-01
DCDS,81167.73,2024-10-02
VMEEF,15136.15,2024-10-02
DCDS,80845.87,2024-10-03
VCBFBCF,35037.08,2024-10-03
VMEEF,15111.67,2024-10-03
DCDS,80009.49,2024-10-04
VMEEF,15016.74,2024-10-04
DCDS,79614.03,2024-10-07
VMEEF,14911.89,2024-10-07
DCDS,79806.61,2024-10-08
VCBFBCF,34621.31,2024-10-08
VMEEF,14903.95,2024-10-08
DCDS,79795.03,2024-10-09
VMEEF,14868.55,2024-10-09
DCDS,80418.86,2024-10-10
VCBFBCF,34975.63,2024-10-10
VMEEF,14944.45,2024-10-10
DCDS,80848.38,2024-10-11
VMEEF,15085.87,2024-10-11
DCDS,80971.24,2024-10-14
VMEEF,15061.8,2024-10-14
DCDS,80624.05,2024-10-15
VCBFBCF,35147.11,2024-10-15
VMEEF,15012.39,2024-10-15
DCDS,80378.14,2024-10-16
VMEEF,14965.66,2024-10-16
DCDS,80533.87,2024-10-17
VCBFBCF,35042.9,2024-10-17
VMEEF,14955.39,2024-10-17
DCDS,81095.12,2024-10-18
VMEEF,15020.12,2024-10-18
DCDS,80859.04,2024-10-21
VMEEF,14993.23,2024-10-21
DCDS,80447.73,2024-10-22
VCBFBCF,35069.78,2024-10-22
VMEEF,14864.65,2024-10-22
DCDS,79933.7,2024-10-23
VMEEF,14751.41,2024-10-23
DCDS,80078.9,2024-10-24
VCBFBCF,34908.98,2024-10-24
VMEEF,14784.48,2024-10-24
DCDS,79028.76,2024-10-25
VMEEF,14701.37,2024-10-25
DCDS,78960.95,2024-10-28
VMEEF,14670.71,2024-10-28
DCDS,79243.26,2024-10-29
VCBFBCF,34534.39,2024-10-29
VMEEF,14720.68,2024-10-29
DCDS,79769.56,2024-10-30
VMEEF,14848.48,2024-10-30
DCDS,79697.66,2024-10-31
VCBFBCF,34760.37,2024-10-31
VMEEF,14829.57,2024-10-31
DCDS,80184.75,2024-11-01
VMEEF,14873.02,2024-11-01
DCDS,79396.4,2024-11-04
VMEEF,14737.04,2024-11-04
DCDS,78776.76,2024-11-05
VCBFBCF,34441.66,2024-11-05
VMEEF,14657.2,2024-11-05
DCDS,78842.0,2024-11-06
VMEEF,14665.69,2024-11-06
DCDS,79820.11,2024-11-07
VCBFBCF,34873.18,2024-11-07
VMEEF,14811.32,2024-11-07
DCDS,79886.79,2024-11-08
VMEEF,14850.11,2024-11-08
DCDS,79667.13,2024-11-11
VMEEF,14840.34,2024-11-11
DCDS,79404.72,2024-11-12
VCBFBCF,34714.72,2024-11-12
VMEEF,14853.14,2024-11-12
DCDS,78926.13,2024-11-13
VMEEF,14771.11,2024-11-13
DCDS,79137.79,2024-11-14
VCBFBCF,34605.45,2024-11-14
VMEEF,14815.52,2024-11-14
DCDS,77986.68,2024-11-15
VMEEF,14713.42,2024-11-15
DCDS,77204.26,2024-11-18
VMEEF,14540.62,2024-11-18
DCDS,77018.13,2024-11-19
VCBFBCF,33717.01,2024-11-19
VMEEF,14452.96,2024-11-19
DCDS,75618.0,2024-11-20
VMEEF,14239.26,2024-11-20
DCDS,76243.03,2024-11-21
VCBFBCF,33655.65,2024-11-21
VMEEF,14362.49,2024-11-21
DCDS,77330.79,2024-11-22
VMEEF,14531.57,2024-11-22
DCDS,77302.84,2024-11-25
VMEEF,14508.61,2024-11-25
DCDS,77619.35,2024-11-26
VCBFBCF,34203.59,2024-11-26
VMEEF,14591.5,2024-11-26
DCDS,78020.61,2024-11-27
VMEEF,14652.84,2024-11-27
DCDS,78216.53,2024-11-28
VCBFBCF,34450.05,2024-11-28
VMEEF,14711.41,2024-11-28
DCDS,78447.36,2024-11-29
VMEEF,14748.56,2024-11-29
DCDS,79311.46,2024-12-02
VMEEF,14940.22,2024-12-02
DCDS,79319.82,2024-12-03
VCBFBCF,34815.79,2024-12-03
VMEEF,14963.78,2024-12-03
DCDS,79369.26,2024-12-04
VMEEF,15004.31,2024-12-04
DCDS,78878.81,2024-12-05
VCBFBCF,34573.61,2024-12-05
VMEEF,14923.95,2024-12-05
DCDS,80883.15,2024-12-06
VMEEF,15214.84,2024-12-06
DCDS,81032.36,2024-12-09
VMEEF,15230.9,2024-12-09
DCDS,81172.63,2024-12-10
VCBFBCF,35403.43,2024-12-10
VMEEF,15231.05,2024-12-10
DCDS,81152.92,2024-12-11
VMEEF,15229.43,2024-12-11
DCDS,80982.39,2024-12-12
VCBFBCF,35299.98,2024-12-12
VMEEF,15180.79,2024-12-12
DCDS,80770.39,2024-12-13
VMEEF,15180.51,2024-12-13
DCDS,80567.9,2024-12-16
VMEEF,15129.88,2024-12-16
DCDS,80770.71,2024-12-17
VCBFBCF,35269.3,2024-12-17
VMEEF,15123.87,2024-12-17
DCDS,80549.56,2024-12-18
VMEEF,15104.86,2024-12-18
DCDS,80779.16,2024-12-19
VCBFBCF,35238.85,2024-12-19
VMEEF,15130.28,2024-12-19
DCDS,80288.95,2024-12-20
VMEEF,15027.15,2024-12-20
DCDS,80543.95,2024-12-23
VMEEF,15063.28,2024-12-23
DCDS,80865.45,2024-12-24
VCBFBCF,35242.29,2024-12-24
VMEEF,15137.57,2024-12-24
DCDS,80821.26,2024-12-25
VMEEF,15119.43,2024-12-25
DCDS,81783.14,2024-12-26
VCBFBCF,35759.41,2024-12-26
VMEEF,15271.95,2024-12-26
DCDS,81600.04,2024-12-27
VMEEF,15254.63,2024-12-27
DCDS,81555.51,2024-12-30
VMEEF,15224.37,2024-12-30
DCDS,81619.28,2024-12-31
VCBFBCF,35840.2,2024-12-31
VMEEF,15155.37,2024-12-31
DCDS,81435.01,2025-01-02
VCBFBCF,35759.89,2025-01-02
VMEEF,15172.27,2025-01-02
DCDS,81428.67,2025-01-03
VMEEF,15188.29,2025-01-03
DCDS,80083.42,2025-01-06
VMEEF,14969.5,2025-01-06
DCDS,79351.3,2025-01-07
VCBFBCF,35043.08,2025-01-07
VMEEF,14810.59,2025-01-07
DCDS,79350.71,2025-01-08
VMEEF,14841.72,2025-01-08
DCDS,79547.0,2025-01-09
VCBFBCF,35161.44,2025-01-09
VMEEF,14871.54,2025-01-09
DCDS,79189.43,2025-01-10
VMEEF,14833.39,2025-01-10
DCDS,78085.47,2025-01-13
VMEEF,14683.61,2025-01-13
DCDS,78457.46,2025-01-14
VCBFBCF,34792.56,2025-01-14
VMEEF,14760.98,2025-01-14
DCDS,77863.23,2025-01-15
VMEEF,14685.4,2025-01-15
DCDS,78239.97,2025-01-16
VCBFBCF,34673.13,2025-01-16
VMEEF,14725.09,2025-01-16
DCDS,78653.63,2025-01-17
VMEEF,14796.72,2025-01-17
DCDS,79362.23,2025-01-20
VMEEF,14922.79,2025-01-20
DCDS,79413.93,2025-01-21
VCBFBCF,35191.04,2025-01-21
VMEEF,14952.88,2025-01-21
DCDS,79267.68,2025-01-22
VMEEF,15006.19,2025-01-22
DCDS,79159.95,2025-01-23
VCBFBCF,35132.43,2025-01-23
VMEEF,14948.12,2025-01-23
DCDS,80461.81,2025-01-24
VMEEF,15134.87,2025-01-24
DCDS,80659.4,2025-02-03
VMEEF,15156.21,2025-02-03
DCDS,79565.47,2025-02-04
VCBFBCF,35228.76,2025-02-04
VMEEF,14885.74,2025-02-04
DCDS,80522.34,2025-02-05
VMEEF,15020.31,2025-02-05
DCDS,80732.9,2025-02-06
VCBFBCF,35704.34,2025-02-06
VMEEF,15073.95,2025-02-06
DCDS,80789.83,2025-02-07
VMEEF,15101.59,2025-02-07
DCDS,80827.06,2025-02-10
VMEEF,15131.9,2025-02-10
DCDS,79667.08,2025-02-11
VCBFBCF,35557.07,2025-02-11
VMEEF,14974.66,2025-02-11
DCDS,80271.74,2025-02-12
VMEEF,15027.09,2025-02-12
DCDS,80100.84,2025-02-13
VCBFBCF,35616.15,2025-02-13
VMEEF,15014.88,2025-02-13
DCDS,80155.61,2025-02-14
VMEEF,15012.28,2025-02-14
DCDS,80444.46,2025-02-17
VMEEF,15044.76,2025-02-17
DCDS,79806.58,2025-02-18
VCBFBCF,35384.36,2025-02-18
VMEEF,14942.17,2025-02-18
DCDS,80161.99,2025-02-19
VMEEF,15047.87,2025-02-19
DCDS,80986.2,2025-02-20
VCBFBCF,35795.24,2025-02-20
VMEEF,15142.77,2025-02-20
DCDS,81090.83,2025-02-21
VMEEF,15201.75,2025-02-21
DCDS,81251.3,2025-02-24
VMEEF,15266.34,2025-02-24
DCDS,81614.03,2025-02-25
VCBFBCF,36270.97,2025-02-25
VMEEF,15305.74,2025-02-25
DCDS,81418.39,2025-02-26
VMEEF,15260.5,2025-02-26
DCDS,81440.47,2025-02-27
VCBFBCF,36202.2,2025-02-27
VMEEF,15325.58,2025-02-27
DCDS,81829.15,2025-02-28
VMEEF,15371.94,2025-02-28
DCDS,81491.7,2025-03-03
VMEEF,15252.29,2025-03-03
DCDS,81696.95,2025-03-04
VCBFBCF,36224.0,2025-03-04
VMEEF,15315.04,2025-03-04
DCDS,82052.52,2025-03-05
VMEEF,15349.7,2025-03-05
DCDS,81356.6,2025-03-06
VCBFBCF,36166.3,2025-03-06
VMEEF,15260.53,2025-03-06
DCDS,82594.52,2025-03-07
VMEEF,15437.59,2025-03-07
DCDS,82775.63,2025-03-10
VMEEF,15467.73,2025-03-10
DCDS,82614.83,2025-03-11
VCBFBCF,36774.07,2025-03-11
VMEEF,15449.19,2025-03-11
DCDS,82827.03,2025-03-12
VMEEF,15405.92,2025-03-12
DCDS,82387.59,2025-03-13
VCBFBCF,36530.18,2025-03-13
VMEEF,15380.6,2025-03-13
DCDS,81375.55,2025-03-14
VMEEF,15219.08,2025-03-14
DCDS,80970.13,2025-03-17
VMEEF,15097.06,2025-03-17
DCDS,81373.23,2025-03-18
VCBFBCF,36060.89,2025-03-18
VMEEF,15141.63,2025-03-18
DCDS,80828.16,2025-03-19
VMEEF,15119.36,2025-03-19
DCDS,80029.92,2025-03-20
VCBFBCF,35567.93,2025-03-20
VMEEF,14965.23,2025-03-20
DCDS,80213.6,2025-03-21
VMEEF,15034.54,2025-03-21
DCDS,80237.93,2025-03-24
VMEEF,15022.64,2025-03-24
DCDS,80621.34,2025-03-25
VCBFBCF,35878.15,2025-03-25
VMEEF,15039.67,2025-03-25
DCDS,80658.91,2025-03-26
VMEEF,14986.07,2025-03-26
DCDS,80367.51,2025-03-27
VCBFBCF,35595.62,2025-03-27
VMEEF,14918.7,2025-03-27
DCDS,80273.65,2025-03-28
VMEEF,14910.68,2025-03-28
DCDS,79771.59,2025-03-31
VMEEF,14801.75,2025-03-31
DCDS,79331.9,2025-04-01
VCBFBCF,35118.74,2025-04-01
VMEEF,14726.56,2025-04-01
DCDS,79840.04,2025-04-02
VMEEF,14791.86,2025-04-02
DCDS,79954.7,2025-04-03
VCBFBCF,35310.06,2025-04-03
VMEEF,14749.34,2025-04-03
DCDS,75067.16,2025-04-04
VMEEF,13699.17,2025-04-04
DCDS,74513.26,2025-04-08
VCBFBCF,32260.9,2025-04-08
VMEEF,13379.79,2025-04-08
DCDS,70120.42,2025-04-09
VMEEF,12488.36,2025-04-09
DCDS,68057.72,2025-04-10
VCBFBCF,29253.38,2025-04-10
VMEEF,12159.15,2025-04-10
DCDS,71847.59,2025-04-11
VMEEF,13032.09,2025-04-11
DCDS,74893.96,2025-04-14
VMEEF,13544.41,2025-04-14
DCDS,76684.3,2025-04-15
VCBFBCF,33251.78,2025-04-15
VMEEF,13661.41,2025-04-15
DCDS,75977.97,2025-04-16
VMEEF,13483.47,2025-04-16
DCDS,74841.06,2025-04-17
VCBFBCF,32402.54,2025-04-17
VMEEF,13366.45,2025-04-17
DCDS,75419.0,2025-04-18
VMEEF,13421.5,2025-04-18
DCDS,75372.33,2025-04-21
VMEEF,13502.69,2025-04-21
DCDS,74945.23,2025-04-22
VCBFBCF,32567.11,2025-04-22
VMEEF,13377.3,2025-04-22
DCDS,74617.88,2025-04-23
VMEEF,13302.27,2025-04-23
DCDS,75751.55,2025-04-24
VCBFBCF,32813.08,2025-04-24
VMEEF,13476.99,2025-04-24
DCDS,76403.9,2025-04-25
VMEEF,13577.28,2025-04-25
DCDS,76690.75,2025-04-28
VMEEF,13598.69,2025-04-28
DCDS,76432.68,2025-04-29
VCBFBCF,33284.82,2025-04-29
VMEEF,13604.59,2025-04-29
DCDS,76606.77,2025-05-05
VMEEF,13618.53,2025-05-05
DCDS,77709.57,2025-05-06
VCBFBCF,33640.85,2025-05-06
VMEEF,13728.63,2025-05-06
DCDS,77630.86,2025-05-07
VMEEF,13776.0,2025-05-07
DCDS,78073.99,2025-05-08
VCBFBCF,33671.91,2025-05-08
VMEEF,13789.26,2025-05-08
DCDS,79132.0,2025-05-09
VMEEF,13919.04,2025-05-09
DCDS,78953.18,2025-05-12
VMEEF,13910.1,2025-05-12
DCDS,80085.17,2025-05-13
VCBFBCF,34669.1,2025-05-13
VMEEF,14110.13,2025-05-13
DCDS,81011.05,2025-05-14
VMEEF,14275.23,2025-05-14
DCDS,81707.74,2025-05-15
VCBFBCF,35673.89,2025-05-15
VMEEF,14468.12,2025-05-15
DCDS,81699.69,2025-05-16
VMEEF,14508.63,2025-05-16
DCDS,81002.8,2025-05-19
VMEEF,14311.32,2025-05-19
DCDS,80831.76,2025-05-20
VCBFBCF,35122.67,2025-05-20
VMEEF,14228.0,2025-05-20
DCDS,82524.63,2025-05-21
VMEEF,14372.91,2025-05-21
DCDS,83589.7,2025-05-22
VCBFBCF,35791.87,2025-05-22
VMEEF,14368.83,2025-05-22
DCDS,83208.95,2025-05-23
VMEEF,14245.26,2025-05-23
DCDS,83528.91,2025-05-26
VMEEF,14273.87,2025-05-26
DCDS,84789.8,2025-05-27
VCBFBCF,35865.72,2025-05-27
VMEEF,14450.22,2025-05-27
DCDS,85495.85,2025-05-28
VMEEF,14542.65,2025-05-28
DCDS,85706.22,2025-05-29
VCBFBCF,36130.3,2025-05-29
VMEEF,14521.4,2025-05-29
DCDS,86034.54,2025-05-30
VMEEF,14493.33,2025-05-30
DCDS,85363.62,2025-06-02
DCDS,85363.62,2025-06-02
VMEEF,14383.41,2025-06-02
DCDS,85567.82,2025-06-03
VCBFBCF,35703.85,2025-06-03
VMEEF,14396.71,2025-06-03
DCDS,86211.15,2025-06-04
VMEEF,14511.43,2025-06-04
DCDS,86146.76,2025-06-05
VCBFBCF,35940.93,2025-06-05
VMEEF,14468.13,2025-06-05
DCDS,86020.33,2025-06-06
VMEEF,14445.77,2025-06-06
DCDS,85194.02,2025-06-09
VMEEF,14299.57,2025-06-09
DCDS,83848.31,2025-06-10
VCBFBCF,35248.86,2025-06-10
VMEEF,14215.0,2025-06-10
DCDS,84433.03,2025-06-11
VMEEF,14252.96,2025-06-11
DCDS,84468.17,2025-06-12
VCBFBCF,35557.64,2025-06-12
VMEEF,14305.94,2025-06-12
DCDS,85309.03,2025-06-13
VMEEF,14458.4,2025-06-13
DCDS,84591.96,2025-06-16
VMEEF,14443.98,2025-06-16
DCDS,85826.45,2025-06-17
VCBFBCF,36506.19,2025-06-17
VMEEF,14762.64,2025-06-17
DCDS,86580.17,2025-06-18
DCDS,86580.17,2025-06-18
VMEEF,14765.34,2025-06-18
DCDS,86627.33,2025-06-19
VCBFBCF,36573.99,2025-06-19
VMEEF,14740.08,2025-06-19
DCDS,87007.21,2025-06-20
DCDS,87007.21,2025-06-20
VMEEF,14760.61,2025-06-20
DCDS,87019.13,2025-06-23
VMEEF,14779.44,2025-06-23
DCDS,87239.19,2025-06-24
VCBFBCF,36688.17,2025-06-24
VMEEF,14782.65,2025-06-24
DCDS,87939.8,2025-06-25
VMEEF,14844.06,2025-06-25
DCDS,88009.58,2025-06-26
VCBFBCF,36881.12,2025-06-26
VMEEF,14814.75,2025-06-26
DCDS,88192.47,2025-06-27
VMEEF,14836.86,2025-06-27
DCDS,88247.19,2025-06-30
VMEEF,14872.24,2025-06-30
DCDS,88678.26,2025-07-01
VCBFBCF,37346.48,2025-07-01
VMEEF,14993.33,2025-07-01
DCDS,88495.37,2025-07-02
VMEEF,14984.24,2025-07-02
DCDS,89219.36,2025-07-03
VCBFBCF,37577.4,2025-07-03
VMEEF,15073.41,2025-07-03
DCDS,89127.66,2025-07-04
VMEEF,15092.12,2025-07-04
DCDS,89584.37,2025-07-07
VMEEF,15176.21,2025-07-07
DCDS,90551.26,2025-07-08
VCBFBCF,38152.89,2025-07-08
VMEEF,15285.35,2025-07-08
DCDS,91343.38,2025-07-09
VMEEF,15382.32,2025-07-09
DCDS,91571.98,2025-07-10
VCBFBCF,38650.06,2025-07-10
VMEEF,15457.03,2025-07-10
DCDS,92065.65,2025-07-11
VMEEF,15466.8,2025-07-11
DCDS,92531.18,2025-07-14
VMEEF,15576.66,2025-07-14
DCDS,93481.37,2025-07-15
VCBFBCF,39363.55,2025-07-15
VMEEF,15648.94,2025-07-15
DCDS,93073.8,2025-07-16
VMEEF,15543.19,2025-07-16
DCDS,94278.69,2025-07-17
VCBFBCF,39416.92,2025-07-17
VMEEF,15661.27,2025-07-17
DCDS,95468.03,2025-07-18
VMEEF,15729.26,2025-07-18
DCDS,96373.23,2025-07-21
VMEEF,15828.05,2025-07-21
DCDS,95454.64,2025-07-22
VCBFBCF,39453.18,2025-07-22
VMEEF,15739.22,2025-07-22
DCDS,97121.49,2025-07-23
VMEEF,15831.57,2025-07-23
DCDS,97449.03,2025-07-24
VCBFBCF,39840.13,2025-07-24
VMEEF,15934.5,2025-07-24
DCDS,97858.18,2025-07-25
VMEEF,16015.57,2025-07-25
DCDS,98932.18,2025-07-28
VMEEF,16072.4,2025-07-28
DCDS,100823.9,2025-07-29
VCBFBCF,40542.73,2025-07-29
VMEEF,16248.93,2025-07-29
DCDS,96032.53,2025-07-30
VMEEF,15573.65,2025-07-30
DCDS,97612.53,2025-07-31
VCBFBCF,39394.55,2025-07-31
VMEEF,15801.61,2025-07-31
DCDS,97608.26,2025-08-01
VMEEF,15762.77,2025-08-01
DCDS,96963.68,2025-08-04
VMEEF,15766.96,2025-08-04
DCDS,99083.78,2025-08-05
VCBFBCF,39729.75,2025-08-05
VMEEF,15970.32,2025-08-05
DCDS,100286.96,2025-08-06
VMEEF,16200.91,2025-08-06
DCDS,102425.85,2025-08-07
VCBFBCF,41222.42,2025-08-07
VMEEF,16518.72,2025-08-07
DCDS,103459.07,2025-08-08
VMEEF,16741.1,2025-08-08
DCDS,103689.48,2025-08-11
VMEEF,16742.48,2025-08-11
DCDS,104320.21,2025-08-12
VCBFBCF,41924.69,2025-08-12
VMEEF,16939.98,2025-08-12
DCDS,104883.08,2025-08-13
VMEEF,17041.03,2025-08-13
DCDS,105191.38,2025-08-14
VCBFBCF,42495.48,2025-08-14
VMEEF,17203.33,2025-08-14
DCDS,107371.07,2025-08-15
VMEEF,17544.04,2025-08-15
DCDS,106515.08,2025-08-18
VMEEF,17411.79,2025-08-18
DCDS,107181.11,2025-08-19
VCBFBCF,42843.74,2025-08-19
VMEEF,17460.76,2025-08-19
DCDS,108432.16,2025-08-20
VMEEF,17582.01,2025-08-20
DCDS,108787.18,2025-08-21
VCBFBCF,43030.48,2025-08-21
VMEEF,17487.99,2025-08-21
DCDS,109977.4,2025-08-22
VMEEF,17753.51,2025-08-22
DCDS,106119.55,2025-08-25
VMEEF,17212.41,2025-08-25
DCDS,103511.43,2025-08-26
VCBFBCF,41666.91,2025-08-26
VMEEF,16914.46,2025-08-26
DCDS,107956.97,2025-08-27
VMEEF,17436.28,2025-08-27
DCDS,108260.15,2025-08-28
VCBFBCF,43396.17,2025-08-28
VMEEF,17614.52,2025-08-28
DCDS,109388.2,2025-08-29
VMEEF,17752.08,2025-08-29
DCDS,110037.18,2025-09-03
VMEEF,17776.18,2025-09-03
DCDS,110145.16,2025-09-04
VCBFBCF,43869.99,2025-09-04
VMEEF,17749.73,2025-09-04
DCDS,111115.56,2025-09-05
VMEEF,17957.13,2025-09-05
DCDS,108303.17,2025-09-08
VMEEF,17592.87,2025-09-08
DCDS,104993.85,2025-09-09
VCBFBCF,42633.08,2025-09-09
VMEEF,17205.92,2025-09-09
DCDS,106738.8,2025-09-10
VMEEF,17298.22,2025-09-10
DCDS,106876.14,2025-09-11
VCBFBCF,42940.92,2025-09-11
VMEEF,17357.47,2025-09-11
DCDS,107841.76,2025-09-12
VMEEF,17394.62,2025-09-12
DCDS,108248.43,2025-09-15
VMEEF,17449.86,2025-09-15
DCDS,109435.73,2025-09-16
VCBFBCF,43968.65,2025-09-16
VMEEF,17678.82,2025-09-16
DCDS,108980.14,2025-09-17
VMEEF,17685.52,2025-09-17
DCDS,107524.4,2025-09-18
VCBFBCF,43728.68,2025-09-18
VMEEF,17548.51,2025-09-18
DCDS,107430.61,2025-09-19
VMEEF,17429.77,2025-09-19
DCDS,106945.96,2025-09-22
VMEEF,17332.92,2025-09-22
DCDS,105173.46,2025-09-23
VCBFBCF,42602.04,2025-09-23
VMEEF,17017.68,2025-09-23
DCDS,105379.02,2025-09-24
VMEEF,17030.53,2025-09-24
DCDS,107514.69,2025-09-25
VCBFBCF,43290.75,2025-09-25
VMEEF,17280.95,2025-09-25
DCDS,107819.3,2025-09-26
VMEEF,17220.07,2025-09-26
DCDS,107088.7,2025-09-29
VMEEF,17104.09,2025-09-29
DCDS,107417.05,2025-09-30
VCBFBCF,42960.77,2025-09-30
VMEEF,17030.93,2025-09-30
DCDS,107138.03,2025-10-01
VMEEF,16892.42,2025-10-01
DCDS,107557.25,2025-10-02
VCBFBCF,43029.06,2025-10-02
VMEEF,16940.08,2025-10-02
DCDS,106121.56,2025-10-03
VMEEF,16847.66,2025-10-03
DCDS,105123.62,2025-10-06
VMEEF,16709.62,2025-10-06
DCDS,109039.08,2025-10-07
VCBFBCF,43736.59,2025-10-07
VMEEF,17196.69,2025-10-07
DCDS,107974.73,2025-10-08
VMEEF,17041.11,2025-10-08
DCDS,109254.28,2025-10-09
VCBFBCF,43744.08,2025-10-09
VMEEF,17164.69,2025-10-09
DCDS,110649.52,2025-10-10
VMEEF,17260.14,2025-10-10
DCDS,112564.43,2025-10-13
VMEEF,17346.18,2025-10-13
DCDS,114460.71,2025-10-14
VCBFBCF,44822.36,2025-10-14
VMEEF,17307.74,2025-10-14
DCDS,114648.23,2025-10-15
VMEEF,17137.22,2025-10-15
DCDS,114993.41,2025-10-16
VCBFBCF,44245.94,2025-10-16
VMEEF,17138.5,2025-10-16
DCDS,115766.13,2025-10-17
VMEEF,17179.1,2025-10-17
DCDS,113309.62,2025-10-20
VMEEF,16959.88,2025-10-20
DCDS,106592.54,2025-10-21
VCBFBCF,41687.62,2025-10-21
VMEEF,16134.48,2025-10-21
DCDS,107540.54,2025-10-22
VMEEF,16418.33,2025-10-22
DCDS,108403.73,2025-10-23
VCBFBCF,42903.41,2025-10-23
VMEEF,16580.85,2025-10-23
DCDS,108343.34,2025-10-24
VMEEF,16545.56,2025-10-24
DCDS,107660.33,2025-10-27
VMEEF,16550.11,2025-10-27
DCDS,104490.76,2025-10-28
VCBFBCF,42410.42,2025-10-28
VMEEF,16368.73,2025-10-28
DCDS,106647.79,2025-10-29
VMEEF,16622.57,2025-10-29
DCDS,106696.38,2025-10-30
VCBFBCF,43499.23,2025-10-30
VMEEF,16805.03,2025-10-30
DCDS,105718.25,2025-10-31
VMEEF,16790.15,2025-10-31
DCDS,103484.56,2025-11-03
VMEEF,16682.21,2025-11-03
DCDS,100868.72,2025-11-04
VCBFBCF,42434.36,2025-11-04
VMEEF,16514.05,2025-11-04
DCDS,103612.75,2025-11-05
VMEEF,16711.41,2025-11-05
DCDS,103110.15,2025-11-06
VCBFBCF,42943.94,2025-11-06
VMEEF,16654.15,2025-11-06
DCDS,102077.29,2025-11-07
VMEEF,16515.04,2025-11-07
DCDS,99242.26,2025-11-10
VMEEF,16184.75,2025-11-10
DCDS,98276.42,2025-11-11
VCBFBCF,41339.58,2025-11-11
VMEEF,15999.1,2025-11-11
DCDS,99299.22,2025-11-12
VMEEF,16144.99,2025-11-12
DCDS,101726.26,2025-11-13
VCBFBCF,42573.82,2025-11-13
VMEEF,16488.52,2025-11-13
DCDS,101188.02,2025-11-14
VMEEF,16540.02,2025-11-14
DCDS,101621.39,2025-11-17
VMEEF,16572.24,2025-11-17
DCDS,102896.65,2025-11-18
VCBFBCF,42853.39,2025-11-18
VMEEF,16657.61,2025-11-18
DCDS,103357.6,2025-11-19
VMEEF,16690.36,2025-11-19
DCDS,102573.34,2025-11-20
VCBFBCF,42719.09,2025-11-20
VMEEF,16556.98,2025-11-20
DCDS,102835.17,2025-11-21
VMEEF,16512.48,2025-11-21
DCDS,102859.28,2025-11-24
VMEEF,16471.5,2025-11-24
DCDS,103152.84,2025-11-25
VCBFBCF,42555.42,2025-11-25
VMEEF,16359.12,2025-11-25
DCDS,102377.99,2025-11-26
VMEEF,16170.88,2025-11-26
DCDS,103724.44,2025-11-27
VCBFBCF,42526.65,2025-11-27
VMEEF,16341.64,2025-11-27
DCDS,103398.79,2025-11-28
VMEEF,16395.29,2025-11-28
DCDS,103858.67,2025-12-01
VCBFBCF,42500.59,2025-12-01
VMEEF,16289.21,2025-12-01
DCDS,104036.33,2025-12-02
VCBFBCF,42587.2,2025-12-02
VMEEF,16245.39,2025-12-02
DCDS,104710.89,2025-12-03
VCBFBCF,42831.68,2025-12-03
VMEEF,16266.47,2025-12-03
DCDS,105760.69,2025-12-04
VCBFBCF,43570.17,2025-12-04
VMEEF,16620.42,2025-12-04
DCDS,106203.6,2025-12-05
VCBFBCF,43835.21,2025-12-05
VMEEF,16749.6,2025-12-05
DCDS,106231.0,2025-12-08
VCBFBCF,43533.87,2025-12-08
VMEEF,16563.17,2025-12-08
DCDS,106686.24,2025-12-09
VCBFBCF,43528.33,2025-12-09
VMEEF,16477.58,2025-12-09
DCDS,106117.3,2025-12-10
VCBFBCF,43147.8,2025-12-10
VMEEF,16327.26,2025-12-10
DCDS,104269.9,2025-12-11
VCBFBCF,42947.69,2025-12-11
VMEEF,16283.31,2025-12-11
DCDS,102786.98,2025-12-12
VCBFBCF,42668.67,2025-12-12
VMEEF,16206.42,2025-12-12
DCDS,99448.2,2025-12-15
VCBFBCF,41525.45,2025-12-15
VMEEF,15766.02,2025-12-15
DCDS,99306.7,2025-12-16
VCBFBCF,41593.98,2025-12-16
VMEEF,15800.09,2025-12-16
DCDS,101354.62,2025-12-17
VCBFBCF,42435.67,2025-12-17
VMEEF,16055.76,2025-12-17
DCDS,100952.85,2025-12-18
VCBFBCF,42257.26,2025-12-18
VMEEF,15961.11,2025-12-18
DCDS,101125.4,2025-12-19
VCBFBCF,42250.79,2025-12-19
VMEEF,15886.21,2025-12-19
DCDS,102955.39,2025-12-22
VCBFBCF,42543.67,2025-12-22
VMEEF,15962.59,2025-12-22
DCDS,105900.56,2025-12-23
VCBFBCF,43387.52,2025-12-23
VMEEF,16158.08,2025-12-23
DCDS,107418.52,2025-12-24
VCBFBCF,43605.86,2025-12-24
VMEEF,16113.37,2025-12-24
DCDS,108699.14,2025-12-25
VCBFBCF,43893.05,2025-12-25
VMEEF,16153.17,2025-12-25
DCDS,105647.17,2025-12-26
VCBFBCF,43224.28,2025-12-26
VMEEF,16058.0,2025-12-26
DCDS,105045.65,2025-12-29
VCBFBCF,43108.42,2025-12-29
VMEEF,16059.36,2025-12-29
DCDS,106420.05,2025-12-30
VCBFBCF,43680.69,2025-12-30
VMEEF,16257.4,2025-12-30
DCDS,107127.08,2025-12-31
VCBFBCF,43954.27,2025-12-31
VMEEF,16357.03,2025-12-31
DCDS,108177.37,2026-01-05
VCBFBCF,43920.55,2026-01-05
VMEEF,16286.97,2026-01-05
DCDS,108114.64,2026-01-06
VCBFBCF,43925.82,2026-01-06
VMEEF,16274.56,2026-01-06
DCDS,109782.89,2026-01-07
VCBFBCF,44404.32,2026-01-07
VMEEF,16515.63,2026-01-07
DCDS,111575.43,2026-01-08
VCBFBCF,45145.31,2026-01-08
VMEEF,16971.18,2026-01-08
DCDS,110245.51,2026-01-09
VCBFBCF,45025.68,2026-01-09
VMEEF,17006.94,2026-01-09
DCDS,110189.86,2026-01-12
VCBFBCF,45255.99,2026-01-12
VMEEF,17281.84,2026-01-12
DCDS,110744.79,2026-01-13
VCBFBCF,46131.93,2026-01-13
VMEEF,17671.28,2026-01-13
DCDS,111846.12,2026-01-14
VCBFBCF,46355.12,2026-01-14
VMEEF,17689.51,2026-01-14
DCDS,111012.62,2026-01-15
VCBFBCF,46464.36,2026-01-15
VMEEF,17736.56,2026-01-15
DCDS,109603.98,2026-01-16
VCBFBCF,46365.34,2026-01-16
VMEEF,17677.91,2026-01-16
DCDS,110053.46,2026-01-19
VCBFBCF,46776.65,2026-01-19
VMEEF,17920.13,2026-01-19
DCDS,111407.99,2026-01-20
VCBFBCF,47032.16,2026-01-20
VMEEF,18059.45,2026-01-20
DCDS,111104.94,2026-01-21
VCBFBCF,46945.43,2026-01-21
VMEEF,18125.93,2026-01-21
DCDS,110933.12,2026-01-22
VCBFBCF,46812.49,2026-01-22
VMEEF,18074.64,2026-01-22
DCDS,110737.96,2026-01-23
VCBFBCF,46881.41,2026-01-23
VMEEF,18089.29,2026-01-23
DCDS,109697.95,2026-01-26
VCBFBCF,46378.62,2026-01-26
VMEEF,17880.51,2026-01-26
DCDS,107785.37,2026-01-27
VCBFBCF,45656.32,2026-01-27
VMEEF,17548.54,2026-01-27
DCDS,107860.47,2026-01-28
VCBFBCF,45787.19,2026-01-28
VMEEF,17719.43,2026-01-28
DCDS,107798.17,2026-01-29
VCBFBCF,46004.79,2026-01-29
VMEEF,17775.22,2026-01-29
DCDS,108628.58,2026-01-30
VCBFBCF,46680.32,2026-01-30
VMEEF,18015.86,2026-01-30
DCDS,109876.05,2026-02-02
VCBFBCF,47116.92,2026-02-02
VMEEF,18226.07,2026-02-02
DCDS,109788.21,2026-02-03
VCBFBCF,47114.47,2026-02-03
VMEEF,18243.31,2026-02-03
DCDS,110247.62,2026-02-04
VCBFBCF,47456.74,2026-02-04
VMEEF,18473.28,2026-02-04
DCDS,110245.35,2026-02-05
VCBFBCF,47537.11,2026-02-05
VMEEF,18511.18,2026-02-05
DCDS,108182.99,2026-02-06
VCBFBCF,46579.63,2026-02-06
VMEEF,18131.81,2026-02-06
DCDS,106459.86,2026-02-09
VCBFBCF,45832.41,2026-02-09
VMEEF,17729.82,2026-02-09
DCDS,106667.84,2026-02-10
VCBFBCF,45918.69,2026-02-10
VMEEF,17803.42,2026-02-10
DCDS,105417.6,2026-02-11
VCBFBCF,45578.66,2026-02-11
VMEEF,17694.62,2026-02-11
DCDS,107617.07,2026-02-12
VCBFBCF,46570.05,2026-02-12
VMEEF,18110.23,2026-02-12
DCDS,108387.04,2026-02-13
VCBFBCF,46675.21,2026-02-13
VMEEF,18175.14,2026-02-13
DCDS,109026.08,2026-02-23
VCBFBCF,46696.24,2026-02-23
VMEEF,18193.32,2026-02-23
DCDS,110960.82,2026-02-24
VCBFBCF,47212.67,2026-02-24
VMEEF,18377.3,2026-02-24
DCDS,111675.3,2026-02-25
VCBFBCF,47321.02,2026-02-25
VMEEF,18491.96,2026-02-25
DCDS,111696.01,2026-02-26
VCBFBCF,47613.36,2026-02-26
VMEEF,18533.94,2026-02-26
DCDS,112345.79,2026-02-27
VCBFBCF,47688.98,2026-02-27
VMEEF,18619.46,2026-02-27
DCDS,112300.39,2026-03-02
VCBFBCF,47473.97,2026-03-02
VMEEF,18588.58,2026-03-02
DCDS,111144.5,2026-03-03
VCBFBCF,46682.72,2026-03-03
VMEEF,18355.97,2026-03-03
DCDS,110047.7,2026-03-04
VCBFBCF,45911.02,2026-03-04
VMEEF,18073.57,2026-03-04
DCDS,109432.02,2026-03-05
VCBFBCF,45658.34,2026-03-05
VMEEF,18012.07,2026-03-05
DCDS,107562.38,2026-03-06
VCBFBCF,45113.62,2026-03-06
VMEEF,17736.27,2026-03-06
DCDS,105927.53,2026-03-09
VCBFBCF,44501.19,2026-03-09
VMEEF,17445.12,2026-03-09
DCDS,99510.54,2026-03-10
VCBFBCF,41605.7,2026-03-10
VMEEF,16307.39,2026-03-10
DCDS,101173.3,2026-03-11
VCBFBCF,43244.01,2026-03-11
VMEEF,16905.52,2026-03-11
DCDS,104000.09,2026-03-12
VCBFBCF,44422.18,2026-03-12
VMEEF,17420.56,2026-03-12
DCDS,103057.25,2026-03-13
VCBFBCF,43691.42,2026-03-13
VMEEF,17213.07,2026-03-13
DCDS,101906.47,2026-03-16
VCBFBCF,43523.2,2026-03-16
VMEEF,17107.9,2026-03-16
DCDS,101388.49,2026-03-17
VCBFBCF,43656.82,2026-03-17
VMEEF,17130.04,2026-03-17
DCDS,101919.53,2026-03-18
VCBFBCF,44058.33,2026-03-18
VMEEF,17313.16,2026-03-18
DCDS,101873.35,2026-03-19
VCBFBCF,43977.43,2026-03-19
VMEEF,17289.35,2026-03-19
DCDS,101307.22,2026-03-20
VCBFBCF,43685.66,2026-03-20
VMEEF,17185.26,2026-03-20
DCDS,99203.81,2026-03-23
VCBFBCF,42922.26,2026-03-23
VMEEF,16963.93,2026-03-23
DCDS,96298.19,2026-03-24
VCBFBCF,41614.99,2026-03-24
VMEEF,16421.23,2026-03-24
DCDS,97923.63,2026-03-25
VCBFBCF,42688.28,2026-03-25
VMEEF,16856.18,2026-03-25
DCDS,100237.48,2026-03-26
VCBFBCF,43840.67,2026-03-26
VMEEF,17317.88,2026-03-26
DCDS,99362.73,2026-03-27
VCBFBCF,43324.31,2026-03-27
VMEEF,17102.29,2026-03-27
DCDS,100644.21,2026-03-30
VCBFBCF,44044.61,2026-03-30
VMEEF,17420.51,2026-03-30
DCDS,100494.67,2026-03-31
VCBFBCF,43805.75,2026-03-31
VMEEF,17289.94,2026-03-31
DCDS,101094.24,2026-04-01
VCBFBCF,44069.75,2026-04-01
VMEEF,17373.68,2026-04-01
DCDS,101419.04,2026-04-02
VCBFBCF,44443.96,2026-04-02
VMEEF,17459.15,2026-04-02
DCDS,100505.28,2026-04-03
VCBFBCF,44083.36,2026-04-03
VMEEF,17297.15,2026-04-03
DCDS,99190.22,2026-04-06
VCBFBCF,43558.17,2026-04-06
VMEEF,17022.9,2026-04-06
DCDS,98265.8,2026-04-07
VCBFBCF,43142.87,2026-04-07
VMEEF,16839.91,2026-04-07
DCDS,98329.57,2026-04-08
VCBFBCF,43060.68,2026-04-08
VMEEF,16800.05,2026-04-08
DCDS,102547.0,2026-04-09
VCBFBCF,44982.52,2026-04-09
VMEEF,17544.45,2026-04-09
DCDS,101858.8,2026-04-10
VCBFBCF,44714.11,2026-04-10
VMEEF,17458.06,2026-04-10
DCDS,101912.6,2026-04-13
VCBFBCF,44814.87,2026-04-13
VMEEF,17438.82,2026-04-13
DCDS,101983.79,2026-04-14
VCBFBCF,44653.73,2026-04-14
VMEEF,17381.08,2026-04-14
DCDS,102530.31,2026-04-15
VCBFBCF,44883.66,2026-04-15
VMEEF,17499.66,2026-04-15
DCDS,102493.12,2026-04-16
VCBFBCF,44734.21,2026-04-16
VMEEF,17404.33,2026-04-16
DCDS,103073.92,2026-04-17
VCBFBCF,44625.46,2026-04-17
VMEEF,17350.92,2026-04-17
DCDS,103306.7,2026-04-20
VCBFBCF,45017.82,2026-04-20
VMEEF,17491.03,2026-04-20
DCDS,104381.7,2026-04-21
VCBFBCF,45377.23,2026-04-21
VMEEF,17644.4,2026-04-21
DCDS,103887.49,2026-04-22
VCBFBCF,45042.82,2026-04-22
VMEEF,17473.84,2026-04-22
DCDS,104468.32,2026-04-23
VCBFBCF,44946.28,2026-04-23
VMEEF,17412.21,2026-04-23
DCDS,104502.12,2026-04-24
VCBFBCF,44849.87,2026-04-24
VMEEF,17369.03,2026-04-24
DCDS,103760.78,2026-04-28
VCBFBCF,44578.37,2026-04-28
VMEEF,17281.56,2026-04-28
DCDS,104707.02,2026-04-29
VCBFBCF,44551.48,2026-04-29
VMEEF,17163.81,2026-04-29
DCDS,103653.99,2026-05-04
VCBFBCF,44473.49,2026-05-04
VMEEF,17153.48,2026-05-04
DCDS,103282.62,2026-05-05
VCBFBCF,44447.04,2026-05-05
VMEEF,17175.8,2026-05-05
DCDS,103844.64,2026-05-06
VCBFBCF,44462.89,2026-05-06
VMEEF,17098.34,2026-05-06
DCDS,104749.36,2026-05-07
VCBFBCF,44900.5,2026-05-07
VMEEF,17249.9,2026-05-07
DCDS,105920.95,2026-05-08
VCBFBCF,45032.55,2026-05-08
VMEEF,17285.17,2026-05-08
DCDS,106461.34,2026-05-11
VCBFBCF,44849.16,2026-05-11
VMEEF,17242.91,2026-05-11
DCDS,105322.44,2026-05-12
VCBFBCF,44322.39,2026-05-12
VMEEF,17054.87,2026-05-12
DCDS,105860.73,2026-05-13
VCBFBCF,44496.45,2026-05-13
VMEEF,17108.98,2026-05-13
DCDS,105371.87,2026-05-14
VCBFBCF,44540.79,2026-05-14
VMEEF,17123.28,2026-05-14
DCDS,106573.1,2026-05-15
VCBFBCF,44930.33,2026-05-15
VMEEF,17237.67,2026-05-15
DCDS,105889.22,2026-05-18
VCBFBCF,44617.91,2026-05-18
VMEEF,17089.48,2026-05-18
DCDS,105725.73,2026-05-19
VCBFBCF,44610.81,2026-05-19
VMEEF,17039.85,2026-05-19
DCDS,104941.13,2026-05-20
VCBFBCF,44270.08,2026-05-20
VMEEF,16896.54,2026-05-20
DCDS,104433.6,2026-05-21
VCBFBCF,44142.07,2026-05-21
VMEEF,16796.09,2026-05-21
DCDS,103726.81,2026-05-22
VCBFBCF,44201.23,2026-05-22
VMEEF,16806.93,2026-05-22
DCDS,102510.28,2026-05-25
VCBFBCF,43937.1,2026-05-25
VMEEF,16720.56,2026-05-25
DCDS,102823.67,2026-05-26
VCBFBCF,43934.17,2026-05-26
VMEEF,16778.36,2026-05-26
DCDS,102890.99,2026-05-27
VCBFBCF,44300.68,2026-05-27
VMEEF,16966.24,2026-05-27
DCDS,102412.47,2026-05-28
VCBFBCF,44247.43,2026-05-28
VMEEF,16980.29,2026-05-28
DCDS,101408.24,2026-05-29
VCBFBCF,43824.26,2026-05-29
VMEEF,16755.38,2026-05-29
DCDS,101122.59,2026-06-01
VCBFBCF,43685.89,2026-06-01
VMEEF,16708.0,2026-06-01
DCDS,100623.83,2026-06-02
VCBFBCF,43682.49,2026-06-02
VMEEF,16718.26,2026-06-02
DCDS,99453.27,2026-06-03
VCBFBCF,43292.6,2026-06-03
VMEEF,16544.92,2026-06-03
DCDS,99622.1,2026-06-04
VCBFBCF,43746.63,2026-06-04
VMEEF,16691.67,2026-06-04
DCDS,100470.57,2026-06-05
VCBFBCF,43861.38,2026-06-05
VMEEF,16677.04,2026-06-05
DCDS,100378.09,2026-06-08
VCBFBCF,43712.63,2026-06-08
VMEEF,16619.66,2026-06-08
DCDS,97994.49,2026-06-09
VCBFBCF,42878.41,2026-06-09
VMEEF,16349.56,2026-06-09
DCDS,98468.78,2026-06-10
VCBFBCF,43214.15,2026-06-10
VMEEF,16443.06,2026-06-10
DCDS,98962.86,2026-06-11
VCBFBCF,43314.0,2026-06-11
VMEEF,16483.19,2026-06-11
DCDS,98464.3,2026-06-12
VCBFBCF,43122.23,2026-06-12
VMEEF,16389.34,2026-06-12
DCDS,97989.55,2026-06-15
VCBFBCF,42988.54,2026-06-15
VMEEF,16353.89,2026-06-15
DCDS,99157.88,2026-06-16
VCBFBCF,43603.4,2026-06-16
VMEEF,16691.55,2026-06-16
DCDS,99543.36,2026-06-17
VCBFBCF,43748.07,2026-06-17
VMEEF,16862.43,2026-06-17
DCDS,99564.0,2026-06-18
VCBFBCF,43765.75,2026-06-18
VMEEF,16853.17,2026-06-18
DCDS,99846.05,2026-06-19
VCBFBCF,43685.82,2026-06-19
VMEEF,16736.45,2026-06-19
DCDS,99239.87,2026-06-22
VCBFBCF,43415.21,2026-06-22
VMEEF,16656.75,2026-06-22
DCDS,100292.71,2026-06-23
VCBFBCF,43364.75,2026-06-23
VMEEF,16609.25,2026-06-23
DCDS,100437.0,2026-06-24
VCBFBCF,43211.17,2026-06-24
VMEEF,16536.05,2026-06-24
DCDS,100632.49,2026-06-25
VCBFBCF,43284.29,2026-06-25
VMEEF,16558.01,2026-06-25
DCDS,100143.04,2026-06-26
VCBFBCF,43191.81,2026-06-26
VMEEF,16490.56,2026-06-26
DCDS,100615.8,2026-06-29
VCBFBCF,43322.52,2026-06-29
VMEEF,16496.96,2026-06-29
DCDS,100550.64,2026-06-30
VCBFBCF,43626.22,2026-06-30
VMEEF,16608.35,2026-06-30
DCDS,100667.85,2026-07-01
VCBFBCF,43501.31,2026-07-01
VMEEF,16569.25,2026-07-01
DCDS,101144.25,2026-07-02
VCBFBCF,43962.24,2026-07-02
VMEEF,16757.88,2026-07-02
DCDS,101039.87,2026-07-03
VCBFBCF,43896.2,2026-07-03
VMEEF,16712.56,2026-07-03
DCDS,100665.01,2026-07-06
VCBFBCF,43547.06,2026-07-06
VMEEF,16546.68,2026-07-06
DCDS,99483.43,2026-07-07
VCBFBCF,42952.21,2026-07-07
VMEEF,16255.91,2026-07-07
DCDS,99732.89,2026-07-08
VCBFBCF,42936.14,2026-07-08
VMEEF,16273.03,2026-07-08
DCDS,99879.19,2026-07-09
VCBFBCF,43136.11,2026-07-09
VMEEF,16345.2,2026-07-09
DCDS,99018.96,2026-07-10
VCBFBCF,42810.18,2026-07-10
VMEEF,16187.16,2026-07-10
DCDS,98053.01,2026-07-13
VCBFBCF,42273.97,2026-07-13
VMEEF,15953.12,2026-07-13
DCDS,96724.5,2026-07-14
VCBFBCF,41723.89,2026-07-14
VMEEF,15732.76,2026-07-14
DCDS,97109.0,2026-07-15
VCBFBCF,42059.23,2026-07-15
VMEEF,15859.14,2026-07-15
DCDS,95807.83,2026-07-16
VCBFBCF,41370.85,2026-07-16
VMEEF,15669.36,2026-07-16
DCDS,96837.02,2026-07-17
VCBFBCF,41669.88,2026-07-17
VMEEF,15691.4,2026-07-17
DCDS,96101.41,2026-07-20
VCBFBCF,41470.28,2026-07-20
VMEEF,15549.37,2026-07-20
DCDS,93766.64,2026-07-21
VCBFBCF,40209.81,2026-07-21
VMEEF,15025.88,2026-07-21
DCDS,93429.12,2026-07-22
VCBFBCF,39971.13,2026-07-22
VMEEF,14975.45,2026-07-22
DCDS,90617.66,2026-07-23
VCBFBCF,38926.02,2026-07-23
VMEEF,14592.77,2026-07-23
DCDS,91834.21,2026-07-24
VCBFBCF,39048.7,2026-07-24
VMEEF,14593.87,2026-07-24
DCDS,91251.09,2026-07-27
VCBFBCF,38637.58,2026-07-27
VMEEF,14399.12,2026-07-27
DCDS,89852.73,2026-07-28
VCBFBCF,38110.75,2026-07-28
VMEEF,14138.89,2026-07-28
DCDS,90653.15,2026-07-29
VCBFBCF,38626.57,2026-07-29
VMEEF,14353.42,2026-07-29
DCDS,91495.2,2026-07-30
VCBFBCF,39041.91,2026-07-30
VMEEF,14498.84,2026-07-30
DCDS,93288.23,2026-07-31
VCBFBCF,39950.11,2026-07-31
VMEEF,14872.73,2026-07-31
DCDS,92958.24,2026-08-03
VCBFBCF,39809.35,2026-08-03
VMEEF,14923.88,2026-08-03
DCDS,94160.51,2026-08-04
VCBFBCF,41057.35,2026-08-04
VMEEF,15403.64,2026-08-04
DCDS,94597.59,2026-08-05
VCBFBCF,41223.17,2026-08-05
VMEEF,15374.28,2026-08-05
DCDS,94374.35,2026-08-06
VCBFBCF,41156.34,2026-08-06
VMEEF,15297.41,2026-08-06
DCDS,93915.08,2026-08-07
VCBFBCF,40789.29,2026-08-07
VMEEF,15164.31,2026-08-07
DCDS,93997.38,2026-08-10
VCBFBCF,41230.19,2026-08-10
VMEEF,15334.36,2026-08-10
DCDS,94689.48,2026-08-11
VCBFBCF,41791.93,2026-08-11
VMEEF,15583.57,2026-08-11
DCDS,94397.44,2026-08-12
VCBFBCF,41662.66,2026-08-12
VMEEF,15541.81,2026-08-12
DCDS,95135.49,2026-08-13
VCBFBCF,41850.71,2026-08-13
VMEEF,15581.29,2026-08-13
DCDS,93969.17,2026-08-14
VCBFBCF,41536.04,2026-08-14
VMEEF,15417.38,2026-08-14
DCDS,92623.97,2026-08-17
VCBFBCF,41066.64,2026-08-17
VMEEF,15256.26,2026-08-17
DCDS,92648.53,2026-08-18
VCBFBCF,41243.13,2026-08-18
VMEEF,15326.87,2026-08-18
DCDS,92560.39,2026-08-19
VCBFBCF,41155.0,2026-08-19
VMEEF,15259.38,2026-08-19
DCDS,92333.86,2026-08-20
VCBFBCF,41086.53,2026-08-20
VMEEF,15196.8,2026-08-20
DCDS,92611.71,2026-08-21
VCBFBCF,41404.12,2026-08-21
VMEEF,15260.65,2026-08-21
DCDS,94423.17,2026-08-24
VCBFBCF,42292.12,2026-08-24
VMEEF,15590.62,2026-08-24
DCDS,95114.81,2026-08-25
VCBFBCF,42457.18,2026-08-25
VMEEF,15646.62,2026-08-25
DCDS,94749.24,2026-08-26
VCBFBCF,42125.75,2026-08-26
VMEEF,15491.21,2026-08-26
DCDS,96246.61,2026-08-27
VCBFBCF,42638.27,2026-08-27
VMEEF,15736.09,2026-08-27
DCDS,96849.93,2026-08-28
VCBFBCF,42753.74,2026-08-28
VMEEF,15749.16,2026-08-28
DCDS,96730.32,2026-09-03
VCBFBCF,42724.63,2026-09-03
VMEEF,15720.41,2026-09-03
DCDS,95765.45,2026-09-04
VCBFBCF,41990.46,2026-09-04
VMEEF,15493.04,2026-09-04
